# timestamp tx ty tz qx qy qz qw
1766069974.167200089 0.072576528 0.018936068 -0.035600911 0.554341721 -0.543379992 0.441997723 0.449534708
1766069974.267600060 0.072535646 0.018050144 -0.035565046 0.549683853 -0.537640600 0.449701676 0.454487238
1766069974.364000082 0.072009088 0.013797711 -0.035847121 0.545116341 -0.531241894 0.459940019 0.457258574
1766069974.467499971 0.072159350 0.001592909 -0.035261754 0.539895649 -0.529611532 0.465631239 0.459577918
1766069974.563800097 0.073555553 -0.017641985 -0.031484595 0.534371220 -0.528395893 0.470630883 0.462332944
1766069974.666699886 0.075727319 -0.043311710 -0.021288483 0.528385672 -0.529489324 0.474781723 0.463715379
1766069974.767299891 0.077936652 -0.073638690 -0.002599015 0.525943884 -0.533939876 0.476027437 0.460096857
1766069974.863300085 0.079846820 -0.106484509 0.023014139 0.524707664 -0.539225003 0.476405326 0.454924422
1766069974.967600107 0.081109760 -0.140221038 0.055129076 0.523837746 -0.543867342 0.476271723 0.450519230
1766069975.067500114 0.081740256 -0.176313104 0.090610778 0.526068555 -0.547135172 0.473851207 0.446497494
1766069975.164000034 0.082293588 -0.213957972 0.128418034 0.530674649 -0.544600491 0.470049307 0.448161100
1766069975.269099951 0.082666430 -0.253128295 0.167932544 0.537367870 -0.537459023 0.465609522 0.453410789
1766069975.368099928 0.082971504 -0.290635993 0.210175311 0.553273835 -0.519870249 0.465527934 0.454870015
1766069975.468199968 0.086948830 -0.327108033 0.253524952 0.572567341 -0.499061508 0.463179951 0.456693097
1766069975.564399958 0.099018753 -0.364020324 0.298232296 0.587636941 -0.481245650 0.452526658 0.467231285
1766069975.668900013 0.118015634 -0.397846143 0.344097525 0.602250537 -0.458007283 0.444720672 0.479319459
1766069975.765000105 0.145788676 -0.429044947 0.392401973 0.617909839 -0.436186207 0.432726292 0.490588402
1766069975.868000031 0.183182276 -0.457862736 0.442510802 0.638545375 -0.412259395 0.417346655 0.498120231
1766069975.964200020 0.231383695 -0.482879013 0.494087227 0.659969445 -0.386184152 0.398815982 0.506209388
1766069976.064300060 0.290940663 -0.505475996 0.544171248 0.677337805 -0.361296999 0.377535706 0.517826967
1766069976.164799929 0.360365502 -0.524827627 0.592068672 0.692332087 -0.334426760 0.358738283 0.529284299
1766069976.271199942 0.440110058 -0.540827857 0.637982716 0.706724205 -0.308417270 0.342888936 0.536513619
1766069976.369100094 0.531807219 -0.553746177 0.680762312 0.719964236 -0.283734718 0.327227168 0.542280822
1766069976.468499899 0.635525615 -0.564696326 0.719207769 0.731146235 -0.260193452 0.311114161 0.548573176
1766069976.568500042 0.749843795 -0.571547264 0.754035709 -0.743676328 0.237155101 -0.294666414 -0.551248294
1766069976.668499947 0.875582497 -0.573706037 0.782898989 -0.755201354 0.213344546 -0.277700874 -0.554109415
1766069976.769500017 1.012135109 -0.571159194 0.803993925 -0.765592816 0.187345413 -0.259855722 -0.557892767
1766069976.868700027 1.160846671 -0.564328153 0.818108929 -0.774767700 0.163197638 -0.238483800 -0.562340660
1766069976.968499899 1.319365771 -0.556290532 0.823008866 -0.782472481 0.138255930 -0.214679808 -0.567921381
1766069977.064599991 1.486928832 -0.547238889 0.817333427 -0.787382383 0.114708804 -0.188673768 -0.575563274
1766069977.167299986 1.661461332 -0.536692935 0.802203430 -0.791500035 0.090093390 -0.162750342 -0.582171111
1766069977.268100023 1.840206957 -0.523286735 0.778680693 -0.796829186 0.061411471 -0.136779694 -0.585306070
1766069977.365000010 2.023020039 -0.507513469 0.747064879 -0.801019751 0.033726237 -0.111606952 -0.587174410
1766069977.465300083 2.208866419 -0.490664274 0.705398463 -0.801686112 0.009437495 -0.089827466 -0.590881830
1766069977.563499928 2.398927530 -0.473067147 0.655560313 -0.799893505 -0.011941270 -0.068759733 -0.596070370
1766069977.666500092 2.590453323 -0.455120825 0.599542573 -0.799583288 -0.030684495 -0.046789189 -0.597942973
1766069977.769299984 2.781104663 -0.436193097 0.538765836 -0.798491536 -0.047306791 -0.029624428 -0.599412819
1766069977.863500118 2.971798156 -0.415200721 0.471473412 -0.798121532 -0.061378295 -0.014360902 -0.599189861
1766069977.962800026 3.161730792 -0.391961018 0.396991450 -0.797801740 -0.075327651 -0.001264569 -0.598194392
1766069978.062599897 3.349847033 -0.365928020 0.316682496 -0.796648445 -0.086992743 0.007291179 -0.598105640
1766069978.162899971 3.538708900 -0.337450330 0.230944261 -0.794776606 -0.091652800 0.009988880 -0.599858428
1766069978.266099930 3.727109811 -0.306379498 0.139445575 -0.793019125 -0.091723758 0.010988342 -0.602151705
1766069978.367700100 3.916028861 -0.275515722 0.042811553 -0.788314247 -0.087026004 0.012150982 -0.608965908
1766069978.468199968 4.103974843 -0.245184451 -0.055777440 -0.780318455 -0.082383426 0.014555245 -0.619761426
1766069978.571199894 4.287573682 -0.219945900 -0.154650385 -0.775303136 -0.076536164 0.017588272 -0.626688052
1766069978.663300037 4.468462337 -0.200829915 -0.251490538 -0.774794772 -0.074600218 0.016733850 -0.627572982
1766069978.766499996 4.648282155 -0.183195641 -0.347275811 -0.776738600 -0.074210627 0.014121186 -0.625276357
1766069978.865799904 4.824367969 -0.167572710 -0.441896612 -0.778571487 -0.073388134 0.014471762 -0.623082009
1766069978.963099957 4.997497139 -0.150637862 -0.535591511 -0.781188578 -0.074867571 0.016294266 -0.619575459
1766069979.062599897 5.169686355 -0.127315196 -0.629554538 -0.784442632 -0.076222679 0.018998556 -0.615206401
1766069979.164200068 5.336869796 -0.098836126 -0.725610741 -0.785145753 -0.078698348 0.021125654 -0.613927050
1766069979.266499996 5.499218949 -0.068313233 -0.824048264 -0.779884453 -0.084790163 0.015775940 -0.619953214
1766069979.363100052 5.663033622 -0.035481533 -0.924153598 -0.774080708 -0.085820709 0.014612306 -0.627072838
1766069979.462599993 5.825724522 -0.001621922 -1.021745351 -0.770610636 -0.085469170 0.018756799 -0.631270506
1766069979.566800117 5.984294089 0.033406866 -1.115975314 -0.771255879 -0.090857123 0.013702449 -0.629858393
1766069979.664299965 6.145637495 0.065037115 -1.210163008 -0.770845619 -0.096019591 0.006636191 -0.629708846
1766069979.767999887 6.307918233 0.089096711 -1.303435869 -0.769958805 -0.098415607 0.005550526 -0.630433976
1766069979.867199898 6.474155721 0.109010133 -1.396463987 -0.770130549 -0.098534515 0.007063995 -0.630190437
1766069979.964999914 6.643587547 0.128152800 -1.488306165 -0.772968855 -0.100860826 0.007637119 -0.626328921
1766069980.064199924 6.815173158 0.145263601 -1.580921425 -0.772117941 -0.103414124 0.010173439 -0.626925758
1766069980.166800022 6.987906992 0.161129546 -1.672395047 -0.769660865 -0.104803063 0.012921367 -0.629659836
1766069980.267499924 7.161257585 0.177670957 -1.762163321 -0.769761389 -0.107038799 0.013046147 -0.629158086
1766069980.366100073 7.335404368 0.189368329 -1.851952714 -0.769782082 -0.112521989 0.006468607 -0.628277411
1766069980.466200113 7.515461261 0.194114171 -1.943126871 -0.769287861 -0.117285388 0.001069144 -0.628043933
1766069980.563100100 7.707535540 0.194743310 -2.037401673 -0.769429826 -0.114346917 0.003835629 -0.628400997
1766069980.668499947 7.899157334 0.188161462 -2.132039141 -0.769230755 -0.113555507 0.005801955 -0.628773036
1766069980.768399954 8.092826174 0.179003989 -2.226412193 -0.769302248 -0.115232937 0.004690617 -0.628389545
1766069980.868700027 8.287174235 0.166306345 -2.319063285 -0.769038243 -0.119933376 0.000974767 -0.627849677
1766069980.967900038 8.486522691 0.153204750 -2.411582755 -0.769408714 -0.124142066 -0.000625955 -0.626576880
1766069981.062900066 8.690348412 0.138385443 -2.503747441 -0.769191840 -0.125890905 0.000406545 -0.626494396
1766069981.168800116 8.897371908 0.123918367 -2.594732392 -0.769778687 -0.126186822 0.003429297 -0.625704323
1766069981.266700029 9.108558678 0.110233028 -2.686647101 -0.769812944 -0.127455088 0.004831609 -0.625395785
1766069981.368499994 9.322489829 0.095637632 -2.777669480 -0.769680373 -0.129355751 0.005382820 -0.625164169
1766069981.470000029 9.537632367 0.081022832 -2.868778838 -0.769648199 -0.129693295 0.008096659 -0.625104585
1766069981.563199997 9.755196164 0.069117629 -2.959657368 -0.769671123 -0.129652934 0.010698359 -0.625045618
1766069981.666300058 9.973577195 0.059369074 -3.051602122 -0.770056501 -0.132315771 0.010484506 -0.624015703
1766069981.764400005 10.192560172 0.052520881 -3.143510110 -0.770188076 -0.136476552 0.007483114 -0.622999584
1766069981.862699986 10.414124636 0.047988198 -3.234810109 -0.770189673 -0.139568632 0.003655639 -0.622346448
1766069981.963200092 10.641605463 0.047966288 -3.328851019 -0.770087890 -0.141023514 0.002020488 -0.622151853
1766069982.066800117 10.872409621 0.051413273 -3.420528473 -0.770138662 -0.140931290 0.002248598 -0.622109119
1766069982.166699886 11.105190420 0.059560168 -3.512284174 -0.770184746 -0.144959721 -0.000969323 -0.621128970
1766069982.267699957 11.342141575 0.073299049 -3.603360937 -0.770456893 -0.148375466 -0.003711221 -0.619973486
1766069982.364000082 11.584030066 0.090842276 -3.694778526 -0.770553579 -0.147333172 -0.003048397 -0.620105496
1766069982.473200083 11.831443449 0.113684126 -3.785463961 -0.770253275 -0.144388168 0.000609290 -0.621177574
1766069982.567399979 12.079471955 0.139644031 -3.879208816 -0.770520655 -0.139308669 0.005375912 -0.621982407
1766069982.670099974 12.329251146 0.167992753 -3.972065514 -0.770780910 -0.135994788 0.007415269 -0.622372251
1766069982.767699957 12.579301966 0.198201944 -4.063124178 -0.770960572 -0.135037917 0.008147767 -0.622348915
1766069982.863500118 12.829747804 0.229843417 -4.155923422 -0.771140481 -0.136310815 0.006205928 -0.621870732
1766069982.971600056 13.081826621 0.261862338 -4.249224819 -0.770985744 -0.137495254 0.003104267 -0.621825057
1766069983.067500114 13.332305126 0.291971314 -4.341462043 -0.771185784 -0.140212882 -0.002972299 -0.620970209
1766069983.168600082 13.587298512 0.321912067 -4.434447177 -0.771005725 -0.142951369 -0.006563651 -0.620541696
1766069983.267800093 13.843970525 0.350106929 -4.528051501 -0.770917233 -0.143976406 -0.005922185 -0.620421101
1766069983.367599964 14.103452400 0.377179543 -4.622679268 -0.771015415 -0.145645955 -0.005271234 -0.619915075
1766069983.464699984 14.365311236 0.402133470 -4.717153813 -0.771386530 -0.146266857 -0.004198480 -0.619315106
1766069983.568399906 14.630027671 0.424553422 -4.811529638 -0.771309589 -0.145703650 -0.003487290 -0.619548063
1766069983.663199902 14.893777410 0.444911794 -4.906220106 -0.771556769 -0.144753805 -0.005008811 -0.619452500
1766069983.763799906 15.158000135 0.464349583 -5.001192134 -0.771900408 -0.144366603 -0.006382280 -0.619102019
1766069983.867300034 15.420990408 0.480421328 -5.095602676 -0.772369737 -0.142594271 -0.007161812 -0.618918873
1766069983.972500086 15.681433258 0.494129012 -5.191084718 -0.772176769 -0.140126932 -0.007902388 -0.619713670
1766069984.067199945 15.942331810 0.506745805 -5.288685488 -0.772681867 -0.139652568 -0.009964690 -0.619161205
1766069984.169399977 16.200606118 0.516052486 -5.385049897 -0.772739145 -0.139290413 -0.010732310 -0.619158471
1766069984.267100096 16.461227809 0.523819869 -5.484738929 -0.772678202 -0.138657405 -0.013557891 -0.619321163
1766069984.364399910 16.722106558 0.531409134 -5.582920059 -0.772921678 -0.138733041 -0.015383259 -0.618957654
1766069984.468100071 16.982310335 0.534926402 -5.682883786 -0.773233883 -0.139985240 -0.016880714 -0.618246340
1766069984.564800024 17.240829084 0.538126899 -5.782664923 -0.773416057 -0.138666591 -0.014916848 -0.618366127
1766069984.664599895 17.501974975 0.542642170 -5.884686265 -0.773871944 -0.138639321 -0.008634283 -0.617921356
1766069984.767199993 17.758802972 0.550607928 -5.986823520 -0.774033837 -0.145575331 -0.003339162 -0.616172291
1766069984.863899946 18.012314858 0.559306702 -6.086860941 -0.773637484 -0.154135282 0.001065307 -0.614594356
1766069984.967499971 18.261741289 0.569409347 -6.188154369 -0.773050091 -0.164630021 0.004101268 -0.612595864
1766069985.064699888 18.511083257 0.586685028 -6.291333845 -0.772631457 -0.175137761 0.011352784 -0.610113523
1766069985.167500019 18.761014529 0.611304675 -6.396017398 -0.772375432 -0.183942101 0.019001133 -0.607651589
1766069985.266099930 19.010954556 0.643665060 -6.502820204 -0.775124185 -0.191590107 0.025407741 -0.601523213
1766069985.367000103 19.260164633 0.682316842 -6.613066755 -0.779825007 -0.198723283 0.028362862 -0.592939764
1766069985.464299917 19.508395600 0.728786393 -6.729263249 -0.779936567 -0.203794412 0.030384531 -0.590968332
1766069985.563699961 19.754010941 0.780215307 -6.852831030 -0.776286177 -0.207361024 0.027533599 -0.594662154
1766069985.669500113 19.999832437 0.835181002 -6.982758455 -0.773229655 -0.208669568 0.021484324 -0.598424044
1766069985.767600060 20.248213632 0.891672634 -7.114942471 -0.771884988 -0.209750547 0.014633381 -0.599986781
1766069985.868000031 20.496915893 0.944894309 -7.251491043 -0.771536319 -0.211130825 0.010335188 -0.600040555
1766069985.972899914 20.747951989 1.000128865 -7.391126951 -0.772253270 -0.211298423 0.008978037 -0.599080344
1766069986.071099997 20.997476338 1.053375603 -7.534890933 -0.773577192 -0.209005272 0.009579342 -0.598166666
1766069986.171799898 21.249818435 1.109158492 -7.684522179 -0.774474093 -0.208026157 0.008132589 -0.597368277
1766069986.267999887 21.502668282 1.165683499 -7.838712124 -0.774137545 -0.204985461 0.007563855 -0.598861261
1766069986.364599943 21.753657162 1.225648314 -7.998928023 -0.773726263 -0.201992893 0.008235998 -0.600398792
1766069986.468699932 22.003365929 1.282542528 -8.162437783 -0.772730587 -0.204929852 0.006379859 -0.600708326
1766069986.568300009 22.250598051 1.341251185 -8.331506155 -0.772463258 -0.207097601 0.003771127 -0.600330640
1766069986.667700052 22.499611679 1.400705198 -8.503243004 -0.773034395 -0.207301816 0.001311808 -0.599534870
1766069986.767999887 22.747288675 1.455930117 -8.680056854 -0.773308332 -0.205242986 0.002197549 -0.599887249
1766069986.866499901 22.996916387 1.508936031 -8.860803318 -0.772653022 -0.203382545 0.001910808 -0.601364446
1766069986.965899944 23.248582827 1.564798612 -9.044223705 -0.773225557 -0.203136024 0.000516936 -0.600714346
1766069987.065000057 23.498910830 1.617666018 -9.231333687 -0.773608008 -0.203276154 -0.000844985 -0.600173926
1766069987.164900064 23.750901909 1.668738920 -9.426171326 -0.773791095 -0.201275017 -0.002385438 -0.600608041
1766069987.273900032 24.005158616 1.718690917 -9.624887779 -0.774336340 -0.198952777 -0.001683284 -0.600681439
1766069987.368900061 24.262711384 1.768759304 -9.828293786 -0.773442354 -0.196955839 -0.001887188 -0.602487975
1766069987.464999914 24.518177175 1.818841464 -10.034663816 -0.771494823 -0.192146536 0.000695352 -0.606526968
1766069987.568399906 24.776787670 1.869053071 -10.243286048 -0.772351465 -0.188252029 0.003254242 -0.606649650
1766069987.667900085 25.028969286 1.918436926 -10.451248441 -0.774479727 -0.186258321 0.006323658 -0.604523780
1766069987.767899990 25.280866040 1.968970680 -10.665460954 -0.775187942 -0.188628345 0.002621615 -0.602906402
1766069987.864700079 25.529869265 2.015689849 -10.882122215 -0.772932089 -0.190540536 -0.002824468 -0.605196094
1766069987.964499950 25.780700309 2.062619318 -11.102952713 -0.771798290 -0.188459761 -0.004661933 -0.607279659
1766069988.064699888 26.030453244 2.107920931 -11.327026283 -0.770813422 -0.187251747 -0.002748851 -0.608913701
1766069988.165100098 26.281891978 2.150948282 -11.557240469 -0.768309273 -0.187721258 -0.000345476 -0.611932570
1766069988.269599915 26.534275045 2.191647149 -11.787646261 -0.767127141 -0.188879680 0.002696650 -0.613052317
1766069988.369999886 26.787455030 2.230666361 -12.017808728 -0.767562281 -0.194182844 0.003585722 -0.610842296
1766069988.467000008 27.040951033 2.267286474 -12.250340862 -0.768614582 -0.197645536 0.004575040 -0.608397021
1766069988.564800024 27.297835099 2.301052638 -12.485462425 -0.769955473 -0.197941730 0.005847291 -0.606591667
1766069988.664200068 27.552382015 2.332520137 -12.724286681 -0.772252880 -0.197256471 0.006522244 -0.603881474
1766069988.767999887 27.810433861 2.365582235 -12.964597158 -0.774078809 -0.196223810 0.006755675 -0.601874218
1766069988.868400097 28.067922202 2.397623340 -13.205225053 -0.774379627 -0.194679705 0.005604399 -0.602000496
1766069988.966900110 28.325126919 2.430283526 -13.451624396 -0.773101537 -0.194401707 0.003971610 -0.603743502
1766069989.073999882 28.585181283 2.465044943 -13.700816465 -0.771487803 -0.193512473 0.001572421 -0.606099844
1766069989.168699980 28.846709926 2.502116266 -13.953758637 -0.770602730 -0.194281182 0.000763359 -0.606980784
1766069989.267899990 29.108362371 2.534860934 -14.210521617 -0.771061594 -0.194800035 0.001664676 -0.606229490
1766069989.369699955 29.371397076 2.567021347 -14.469247246 -0.772445794 -0.194594323 0.003068777 -0.604525540
1766069989.469000101 29.639100748 2.600390555 -14.729568386 -0.774399411 -0.194135936 0.003265233 -0.602167857
1766069989.565099955 29.908890777 2.637777491 -14.990089784 -0.776353784 -0.195661742 0.002069980 -0.599155238
1766069989.664499998 30.177370547 2.670928438 -15.255095235 -0.776710366 -0.198060154 0.002151468 -0.597903465
1766069989.767899990 30.447073998 2.704270273 -15.524524470 -0.776539494 -0.200667437 0.002728138 -0.597253339
1766069989.868400097 30.717180853 2.738797188 -15.795840304 -0.776400056 -0.204025188 0.001137094 -0.596301420
1766069989.964699984 30.991437270 2.773338910 -16.066108379 -0.774526048 -0.208834220 -0.001551483 -0.597072243
1766069990.064800024 31.266605518 2.804379692 -16.341682392 -0.767826830 -0.207000671 -0.001524853 -0.606292303
1766069990.164499998 31.548102479 2.838545684 -16.618049742 -0.761170801 -0.201968393 -0.004408970 -0.616285924
1766069990.274399996 31.832252370 2.876110888 -16.890008334 -0.759124329 -0.195396781 -0.008967745 -0.620862248
1766069990.366499901 32.120519692 2.912931140 -17.158448969 -0.759358309 -0.187227784 -0.014323134 -0.622989216
1766069990.469300032 32.411977623 2.952351271 -17.425554542 -0.759972564 -0.179966442 -0.019186816 -0.624248065
1766069990.568200111 32.701531480 2.989833517 -17.689030601 -0.760412686 -0.173208362 -0.025044220 -0.625415220
1766069990.664900064 32.995422615 3.030031450 -17.950636728 -0.761700067 -0.166724130 -0.031655954 -0.625311101
1766069990.769099951 33.286976859 3.069366992 -18.209485261 -0.761040831 -0.163200151 -0.037348429 -0.626727739
1766069990.868099928 33.578797523 3.105863291 -18.462144588 -0.759495141 -0.162078628 -0.038715964 -0.628807382
1766069990.969000101 33.873406788 3.143489910 -18.706744862 -0.760174922 -0.162910105 -0.037761151 -0.627828385
1766069991.069299936 34.168332234 3.180217090 -18.945279290 -0.761534020 -0.165574819 -0.035675997 -0.625602221
1766069991.169300079 34.465919540 3.212277186 -19.179379106 -0.761797206 -0.168106869 -0.033509129 -0.624725728
1766069991.268800020 34.765354219 3.241738063 -19.405623684 -0.762139198 -0.171861308 -0.032503804 -0.623338622
1766069991.368799925 35.067902727 3.269372528 -19.625594399 -0.762765447 -0.176531974 -0.031727406 -0.621304037
1766069991.465899944 35.373280530 3.291695327 -19.839048953 -0.762722064 -0.179265963 -0.029776384 -0.620670713
1766069991.568399906 35.680295088 3.314528492 -20.051296768 -0.763195441 -0.181853391 -0.027478084 -0.619440891
1766069991.665100098 35.986543759 3.332423984 -20.257770675 -0.763673135 -0.186126149 -0.028330087 -0.617541744
1766069991.767999887 36.296323306 3.347157240 -20.465206706 -0.763906723 -0.192306725 -0.033600636 -0.615089944
1766069991.868700027 36.608054238 3.364030152 -20.673686860 -0.762235105 -0.194267178 -0.034852701 -0.616476437
1766069991.964799881 36.923506136 3.381602926 -20.881158038 -0.760807615 -0.194440144 -0.034466355 -0.618204557
1766069992.068099976 37.240211866 3.398268908 -21.084681945 -0.761431318 -0.194929735 -0.031963305 -0.617416467
1766069992.168699980 37.561035427 3.418394139 -21.289515694 -0.762507124 -0.194640888 -0.029982210 -0.616278246
1766069992.267199993 37.880167555 3.437208030 -21.492168881 -0.762930074 -0.194511130 -0.029763960 -0.615806162
1766069992.369800091 38.206664125 3.459989476 -21.692556239 -0.762609856 -0.195585018 -0.030003037 -0.615851059
1766069992.464999914 38.533674719 3.484050792 -21.891129445 -0.762631518 -0.198708961 -0.028439940 -0.614897623
1766069992.564599991 38.862942534 3.508029595 -22.087553023 -0.762988095 -0.200913953 -0.027207417 -0.613793538
1766069992.664400101 39.193144403 3.533225294 -22.283041575 -0.763622625 -0.201638400 -0.026907012 -0.612779287
1766069992.767299891 39.529769182 3.560128043 -22.472142940 -0.764477061 -0.203421550 -0.027032064 -0.611116816
1766069992.868499994 39.866567364 3.579401558 -22.661863844 -0.765809263 -0.206995898 -0.027608581 -0.608215947
1766069992.968300104 40.206326398 3.600677046 -22.851483508 -0.766018523 -0.209877038 -0.028483547 -0.606923339
1766069993.068900108 40.547224376 3.617888197 -23.042119097 -0.766202850 -0.211923574 -0.029256726 -0.605941941
1766069993.168999910 40.892849581 3.639609107 -23.228699909 -0.765614292 -0.215498653 -0.032744246 -0.605246149
1766069993.265700102 41.237628288 3.656412760 -23.417448768 -0.763916313 -0.221039724 -0.038807683 -0.605034933
1766069993.371099949 41.590360559 3.675810119 -23.606856579 -0.764536631 -0.221620957 -0.038827224 -0.604036702
1766069993.470200062 41.945173789 3.692512239 -23.799321672 -0.765328089 -0.219070165 -0.036363193 -0.604118281
1766069993.569700003 42.305290097 3.708390929 -23.992153359 -0.765223387 -0.218552516 -0.034688915 -0.604536720
1766069993.669500113 42.670372477 3.725656728 -24.184078459 -0.766201639 -0.218543470 -0.034108520 -0.603332751
1766069993.766599894 43.035849659 3.738961495 -24.380536227 -0.767364132 -0.217489302 -0.032339379 -0.602332845
1766069993.866800070 43.410427899 3.756737356 -24.580526621 -0.767018842 -0.216198796 -0.029590374 -0.603377648
1766069993.970099926 43.783996625 3.770156957 -24.780069408 -0.766152300 -0.214621258 -0.026157574 -0.605197613
1766069994.066299915 44.160693380 3.787269368 -24.983032268 -0.764966557 -0.213109833 -0.023207685 -0.607348145
1766069994.166800022 44.540269543 3.802982998 -25.181540717 -0.763811994 -0.214712404 -0.024667958 -0.608178685
1766069994.269900084 44.917029493 3.819274874 -25.384384653 -0.761736732 -0.217099242 -0.024100150 -0.609954304
1766069994.369600058 45.301650075 3.837834571 -25.577650503 -0.763184896 -0.218809141 -0.019795852 -0.607683716
1766069994.470099926 45.685629739 3.855377981 -25.766564739 -0.766397971 -0.221566352 -0.015154314 -0.602754384
1766069994.566699982 46.068338733 3.876636020 -25.956558595 -0.770452345 -0.225240993 -0.013844797 -0.596219759
1766069994.668699980 46.448309196 3.910193388 -26.147437058 -0.772620441 -0.226133019 -0.014839566 -0.593044095
1766069994.766599894 46.836024587 3.941934044 -26.338457606 -0.771837415 -0.225643322 -0.015717460 -0.594226437
1766069994.869999886 47.222971280 3.972795249 -26.533907560 -0.769479064 -0.225686986 -0.015858266 -0.597256955
1766069994.966399908 47.606814402 4.008937468 -26.733160172 -0.767404444 -0.226458257 -0.015573786 -0.599637003
1766069995.066099882 47.989379142 4.054721260 -26.929848999 -0.766366838 -0.228346090 -0.016963371 -0.600210111
1766069995.166800022 48.375685679 4.095488259 -27.128119978 -0.765386974 -0.231263048 -0.016726989 -0.600350224
1766069995.269500017 48.766979336 4.139521194 -27.321351234 -0.765955477 -0.232760333 -0.016384643 -0.599054570
1766069995.369699955 49.154665285 4.183175786 -27.518320300 -0.769370348 -0.233732520 -0.017925563 -0.594236528
1766069995.469199896 49.546673338 4.235872771 -27.715683897 -0.771075520 -0.234593916 -0.019319938 -0.591637539
1766069995.566099882 49.942611617 4.288225100 -27.917291186 -0.769288850 -0.235059695 -0.018910242 -0.593787848
1766069995.666699886 50.338849093 4.339799450 -28.122190794 -0.765681292 -0.235591968 -0.018592260 -0.598233158
1766069995.769599915 50.741714153 4.391641638 -28.327019374 -0.763379252 -0.236245462 -0.018223056 -0.600922724
1766069995.870899916 51.143216951 4.442154734 -28.532354702 -0.762635625 -0.236928788 -0.017616937 -0.601615572
1766069995.967099905 51.547097134 4.491768480 -28.737601666 -0.761762314 -0.237743402 -0.017526856 -0.602402740
1766069996.068099976 51.953270867 4.541403185 -28.940718706 -0.762160869 -0.238169140 -0.017542787 -0.601729608
1766069996.170500040 52.361446886 4.594055924 -29.138311938 -0.758788465 -0.239909320 -0.019924119 -0.605216171
1766069996.269200087 52.776522560 4.644715720 -29.333760274 -0.756200332 -0.238785734 -0.021097530 -0.608849181
1766069996.369699955 53.197248378 4.687064911 -29.530918564 -0.754505539 -0.233418836 -0.022151932 -0.612981509
1766069996.471499920 53.616489473 4.730960173 -29.731179848 -0.753777784 -0.227474692 -0.023428062 -0.616056363
1766069996.568300009 54.041332108 4.765997427 -29.919334316 -0.754230087 -0.224565745 -0.025301156 -0.616495785
1766069996.666399956 54.464723136 4.806034252 -30.107112879 -0.755779539 -0.223329936 -0.026956891 -0.614975084
1766069996.766200066 54.890831075 4.851100296 -30.288248393 -0.757783385 -0.224414104 -0.029006826 -0.612014098
1766069996.869899988 55.319153859 4.892128946 -30.473881723 -0.759529805 -0.223286635 -0.031240531 -0.610148820
1766069996.970599890 55.747059353 4.931523667 -30.656125768 -0.760177837 -0.221195335 -0.032424795 -0.610041731
1766069997.067199945 56.180606737 4.968773807 -30.835525705 -0.759481028 -0.218974848 -0.032660662 -0.611695893
1766069997.166199923 56.614326560 4.997538106 -31.017086684 -0.760748837 -0.217247516 -0.031955318 -0.610772938
1766069997.270400047 57.045162644 5.042331981 -31.193433443 -0.761612183 -0.217222322 -0.032833792 -0.609658337
1766069997.369999886 57.475162074 5.088713245 -31.368126484 -0.760385150 -0.218233283 -0.034459401 -0.610738248
1766069997.470099926 57.903444764 5.128027423 -31.551221044 -0.759164244 -0.219161599 -0.035257784 -0.611878037
1766069997.570600033 58.338229846 5.162741910 -31.734619041 -0.759048479 -0.219302608 -0.034340909 -0.612023262
1766069997.667000055 58.770254405 5.196309381 -31.919720422 -0.759588218 -0.219773659 -0.033527978 -0.611229214
1766069997.772700071 59.207192691 5.233017487 -32.103191728 -0.760318273 -0.220458081 -0.033404543 -0.610080728
1766069997.873500109 59.646149489 5.258991840 -32.288541647 -0.760312925 -0.220619618 -0.032599688 -0.610072537
1766069997.970999956 60.089928662 5.289514498 -32.468690310 -0.760507076 -0.221216298 -0.032029330 -0.609644534
1766069998.075299978 60.534283034 5.320593631 -32.637099577 -0.759837762 -0.221362344 -0.033485061 -0.610347474
1766069998.166699886 60.989024200 5.337932614 -32.805226331 -0.758830122 -0.220408776 -0.034231275 -0.611902801
1766069998.273999929 61.444856989 5.353885683 -32.976673791 -0.757829566 -0.219997325 -0.034590773 -0.613269113
1766069998.371099949 61.899291858 5.380843143 -33.147014364 -0.758464633 -0.219733600 -0.035353220 -0.612534648
1766069998.467099905 62.353564254 5.407415668 -33.316479980 -0.758613777 -0.220356813 -0.035584225 -0.612112552
1766069998.575299978 62.812234380 5.430802388 -33.488579496 -0.759362525 -0.220960945 -0.035548616 -0.610967357
1766069998.667299986 63.272521242 5.450353011 -33.658083372 -0.759751549 -0.220870356 -0.035638171 -0.610511089
1766069998.770299911 63.735261151 5.464080400 -33.826730011 -0.759342116 -0.220727858 -0.034674574 -0.611127186
1766069998.870800018 64.198900548 5.481597484 -33.997650826 -0.759253109 -0.220568945 -0.033817121 -0.611343161
1766069998.968199968 64.659868842 5.495081421 -34.169742220 -0.759377357 -0.220824656 -0.032557475 -0.611164881
1766069999.070699930 65.119989172 5.519959374 -34.342070852 -0.759993910 -0.222649188 -0.031032649 -0.609814374
1766069999.173199892 65.585776250 5.543066160 -34.497842595 -0.759981602 -0.225779616 -0.028575124 -0.608797990
1766069999.266599894 66.052741018 5.562912217 -34.661151288 -0.759824756 -0.229081144 -0.026210792 -0.607866074
1766069999.371500015 66.517590874 5.583778256 -34.829797273 -0.759474235 -0.233457712 -0.025442977 -0.606670453
1766069999.472800016 66.982993544 5.604858463 -34.996038384 -0.758322421 -0.237168496 -0.023931504 -0.606733462
1766069999.577199936 67.450389985 5.621643767 -35.162249618 -0.757093834 -0.240860991 -0.021174416 -0.606915607
1766069999.678200006 67.921342788 5.641107067 -35.332651021 -0.755754027 -0.243443259 -0.019402646 -0.607613996
1766069999.768599987 68.388610075 5.657828366 -35.505735820 -0.755148051 -0.245068463 -0.018000369 -0.607757234
1766069999.873300076 68.857464293 5.669926776 -35.682682168 -0.755484116 -0.245678491 -0.017557618 -0.607105888
1766069999.971400023 69.330364620 5.683019637 -35.857035966 -0.755468535 -0.245753758 -0.017664367 -0.607091717
1766070000.067199945 69.804446844 5.691531528 -36.026892310 -0.755428275 -0.245386312 -0.017793705 -0.607286640
1766070000.170799971 70.278811100 5.700898586 -36.192887458 -0.755663612 -0.244445191 -0.018943465 -0.607338620
1766070000.267600060 70.757407543 5.710727265 -36.360548760 -0.755906614 -0.243977916 -0.021526457 -0.607138023
1766070000.371599913 71.233492558 5.714772405 -36.535895620 -0.755961321 -0.242162011 -0.022478329 -0.607762096
1766070000.467400074 71.711031590 5.721546406 -36.715535304 -0.756180600 -0.239360500 -0.022916706 -0.608582185
1766070000.570899963 72.191549583 5.729734175 -36.884553555 -0.756531952 -0.236548419 -0.024396016 -0.609187234
1766070000.666899920 72.672974160 5.737137679 -37.055399003 -0.755836448 -0.233415072 -0.026937716 -0.611148940
1766070000.770400047 73.150475196 5.742449724 -37.228167276 -0.755213268 -0.230360755 -0.029719463 -0.612946651
1766070000.867899895 73.629018245 5.751909909 -37.398120432 -0.755034699 -0.228063810 -0.031734571 -0.613923790
1766070000.973200083 74.111887310 5.765882744 -37.566499485 -0.755652306 -0.226805683 -0.032217469 -0.613604766
1766070001.066999912 74.596804128 5.775574468 -37.731471992 -0.755319158 -0.225838166 -0.032366666 -0.614363484
1766070001.173700094 75.080420049 5.792950213 -37.898177599 -0.756139861 -0.224209824 -0.032354247 -0.613950868
1766070001.267999887 75.566207896 5.807965067 -38.065179375 -0.756701280 -0.224167224 -0.032247344 -0.613279983
1766070001.366600037 76.051427127 5.830181225 -38.228875838 -0.757264166 -0.224761519 -0.032046699 -0.612377540
1766070001.466799974 76.533790016 5.847424820 -38.397756745 -0.757455848 -0.225297206 -0.032419372 -0.611923845
1766070001.566900015 77.018798724 5.872180179 -38.561257656 -0.757727417 -0.225602636 -0.030078345 -0.611594560
1766070001.668100119 77.504531155 5.899746734 -38.725845489 -0.757676506 -0.227116161 -0.028019692 -0.611195106
1766070001.771500111 77.986173744 5.930753697 -38.885725059 -0.757197940 -0.230558339 -0.028169350 -0.610492112
1766070001.870100021 78.474956053 5.969286783 -39.045317967 -0.757644756 -0.232070059 -0.028561995 -0.609345652
1766070001.969399929 78.961814171 6.003852330 -39.205561880 -0.757795061 -0.231584093 -0.026827003 -0.609422486
1766070002.067399979 79.445371977 6.045960538 -39.366985412 -0.756731678 -0.232565232 -0.022819467 -0.610532433
1766070002.168400049 79.929336271 6.085697103 -39.526827756 -0.756888395 -0.235635285 -0.020067442 -0.609256324
1766070002.266200066 80.414657743 6.129032540 -39.683439860 -0.755947677 -0.239591625 -0.018277728 -0.608937507
1766070002.367500067 80.900510087 6.165634993 -39.843882622 -0.755347085 -0.243541074 -0.016069599 -0.608177847
1766070002.476099968 81.388334621 6.204368962 -40.005677677 -0.754819160 -0.247561342 -0.014539030 -0.607247918
1766070002.572200060 81.877761482 6.242418557 -40.165508865 -0.754860585 -0.250743342 -0.011830174 -0.605948282
1766070002.666399956 82.364629142 6.277301924 -40.327046533 -0.753793327 -0.253092074 -0.009164901 -0.606346458
1766070002.766599894 82.852222440 6.314869376 -40.491525776 -0.754351239 -0.255000710 -0.008005364 -0.604867556
1766070002.871599913 83.339673815 6.347129557 -40.655933866 -0.755981180 -0.256057232 -0.007026141 -0.602393379
1766070002.967000008 83.831177203 6.376957694 -40.820476964 -0.756099023 -0.257080838 -0.004895132 -0.601830332
1766070003.067100048 84.316369159 6.401214400 -40.985631202 -0.756293553 -0.257750651 -0.004141520 -0.601304840
1766070003.170300007 84.806146974 6.433228427 -41.151327156 -0.757984584 -0.262217475 -0.005631721 -0.597218259
1766070003.267199993 85.292202417 6.457024034 -41.324173390 -0.758259639 -0.266748563 -0.004770177 -0.594865337
1766070003.370699883 85.779604596 6.478905568 -41.501688235 -0.757313603 -0.270178450 -0.002109122 -0.594537857
1766070003.471100092 86.272437615 6.499749926 -41.675224568 -0.757581931 -0.271270246 0.001031916 -0.593701109
1766070003.570100069 86.761799979 6.516737265 -41.854778772 -0.756567064 -0.272138419 0.001565410 -0.594596088
1766070003.679399967 87.250998403 6.539374592 -42.039347135 -0.756138978 -0.274495863 0.003928275 -0.594045819
1766070003.773799896 87.745453603 6.558903262 -42.218089064 -0.755509717 -0.277116142 0.007090364 -0.593600403
1766070003.872900009 88.232972084 6.584920690 -42.405194813 -0.755467584 -0.279380411 0.008937296 -0.592566823
1766070003.970099926 88.723237368 6.611558215 -42.590697173 -0.754827046 -0.281857379 0.011251934 -0.592170535
1766070004.071000099 89.215307660 6.641485066 -42.776817892 -0.754827033 -0.283509902 0.013427274 -0.591335771
1766070004.173300028 89.702895985 6.679838142 -42.968505538 -0.754385541 -0.285306332 0.015245775 -0.590990963
1766070004.269599915 90.191638857 6.717078039 -43.164169496 -0.754417395 -0.286642614 0.016547784 -0.590268224
1766070004.377099991 90.681604041 6.756000335 -43.356799447 -0.752783435 -0.287179417 0.017898647 -0.592051283
1766070004.471699953 91.169493283 6.798997157 -43.551901088 -0.751681673 -0.288137486 0.018324357 -0.592971896
1766070004.569600105 91.653352098 6.852481459 -43.748929571 -0.751976082 -0.290358187 0.018715243 -0.591501340
1766070004.666199923 92.141173883 6.908245934 -43.945887394 -0.752811060 -0.291534643 0.021906918 -0.589748376
1766070004.770100117 92.624666940 6.967051560 -44.143069867 -0.752653569 -0.292208851 0.024715434 -0.589504657
1766070004.869400024 93.106122463 7.026906057 -44.337446132 -0.753461835 -0.292190808 0.026102615 -0.588420299
1766070004.970299959 93.585088452 7.092589652 -44.530827341 -0.752926534 -0.292775344 0.026734698 -0.588786454
1766070005.069000006 94.063107816 7.162479675 -44.726190182 -0.752561993 -0.293278124 0.027314299 -0.588975651
1766070005.169600010 94.535940831 7.229219523 -44.923148121 -0.751893479 -0.294786102 0.026990517 -0.589091556
1766070005.269099951 95.008133138 7.302208499 -45.120112437 -0.752553338 -0.298469658 0.026411472 -0.586414334
1766070005.368799925 95.482081265 7.380235287 -45.310822070 -0.754578918 -0.303545712 0.026487866 -0.581179018
1766070005.465199947 95.949495424 7.443314969 -45.512491859 -0.757324607 -0.308267356 0.024128484 -0.575194309
1766070005.568900108 96.420864006 7.515905447 -45.714297873 -0.758473385 -0.309590123 0.024241457 -0.572961108
1766070005.668999910 96.890229921 7.586405426 -45.923544830 -0.758081293 -0.310598788 0.023512014 -0.572964511
1766070005.769200087 97.358707758 7.655290971 -46.140690603 -0.758601113 -0.311091229 0.023987392 -0.571988814
1766070005.869400024 97.830134145 7.720333135 -46.358415336 -0.758565067 -0.311590090 0.024848595 -0.571728259
1766070005.969700098 98.299019668 7.792165019 -46.581659394 -0.761675346 -0.312271523 0.025979563 -0.567152735
1766070006.065599918 98.765874909 7.866740615 -46.810772982 -0.763814424 -0.312950202 0.025074055 -0.563933496
1766070006.170000076 99.235723073 7.938391215 -47.047492777 -0.763202852 -0.314259031 0.022621734 -0.564137328
1766070006.269599915 99.700363312 8.012522111 -47.294766720 -0.762080085 -0.315966903 0.019399815 -0.564820775
1766070006.365200043 100.169940059 8.089557646 -47.537340969 -0.761492056 -0.317742044 0.019554624 -0.564612663
1766070006.469399929 100.636085722 8.163789756 -47.794036984 -0.761192908 -0.318961742 0.020804391 -0.564283564
1766070006.574100018 101.107060445 8.245853377 -48.054392474 -0.761057729 -0.319259958 0.022486067 -0.564232743
1766070006.670200109 101.572209835 8.322571679 -48.325276545 -0.760678541 -0.319159166 0.024875798 -0.564700611
1766070006.769700050 102.041668000 8.401516003 -48.595774619 -0.760588474 -0.320058484 0.026374636 -0.564244733
1766070006.871599913 102.509661403 8.479127341 -48.866495491 -0.760334441 -0.322476266 0.027769671 -0.563142469
1766070006.966000080 102.975682796 8.559094351 -49.145587280 -0.761098768 -0.324337494 0.027800949 -0.561035616
1766070007.069700003 103.438670249 8.641173650 -49.430128232 -0.759976988 -0.327471248 0.026214659 -0.560812224
1766070007.175499916 103.903024281 8.715450693 -49.717446592 -0.758572563 -0.330064467 0.027908802 -0.561111587
1766070007.269500017 104.367514149 8.798333948 -50.009425370 -0.759366823 -0.331181685 0.031589041 -0.559180518
1766070007.369499922 104.829190330 8.885242807 -50.303957967 -0.761703540 -0.333196280 0.034904753 -0.554589591
1766070007.468800068 105.294887842 8.974016970 -50.601000277 -0.763130500 -0.335550254 0.038024524 -0.550991835
1766070007.567699909 105.757405134 9.065620667 -50.908811783 -0.763173906 -0.338079564 0.044821056 -0.548870542
1766070007.666500092 106.218680467 9.158127084 -51.225025429 -0.761736941 -0.344810460 0.048191277 -0.546388305
1766070007.768800020 106.677018091 9.255404373 -51.546381964 -0.760367190 -0.350320543 0.049954926 -0.544629928
1766070007.870399952 107.131984708 9.352918216 -51.875845481 -0.758536419 -0.352285231 0.049075111 -0.545993820
1766070007.965399981 107.589157441 9.455251368 -52.210464812 -0.756520273 -0.352070030 0.050029833 -0.548835847
1766070008.066200018 108.045309048 9.560890014 -52.547316969 -0.753591253 -0.350770408 0.052156246 -0.553479963
1766070008.170099974 108.503025283 9.667976086 -52.886916278 -0.751973942 -0.349100672 0.055116158 -0.556440581
1766070008.269700050 108.960188257 9.771127062 -53.230582464 -0.753653804 -0.347456908 0.057192285 -0.554985300
1766070008.365000010 109.418217395 9.872199142 -53.577487080 -0.753626670 -0.348372376 0.056695783 -0.554498979
1766070008.465100050 109.874441461 9.975083627 -53.930241295 -0.753064073 -0.349057193 0.056000753 -0.554903139
1766070008.568799973 110.332833515 10.073870137 -54.285227151 -0.753329104 -0.349631172 0.057446541 -0.554033573
1766070008.668900013 110.787186720 10.171999314 -54.649916614 -0.754805465 -0.349487472 0.058150980 -0.552037752
1766070008.765799999 111.245185779 10.268545698 -55.012493473 -0.754709169 -0.350003614 0.058821068 -0.551771350
1766070008.868299961 111.699181875 10.353352388 -55.387464481 -0.754940697 -0.347598703 0.061017063 -0.552735563
1766070008.968699932 112.155447290 10.438526235 -55.758061263 -0.753348560 -0.346899011 0.062463171 -0.555180489
1766070009.065500021 112.608196006 10.520314223 -56.130671152 -0.753889028 -0.347445473 0.062289260 -0.554123654
1766070009.168400049 113.054280979 10.604001096 -56.506577416 -0.753799712 -0.348900380 0.061655367 -0.553401423
1766070009.266299963 113.499635803 10.682725873 -56.882558762 -0.753948634 -0.348818950 0.061208290 -0.553299506
1766070009.365499973 113.942329973 10.769500526 -57.264746926 -0.755452349 -0.348220103 0.063388832 -0.551376789
1766070009.465199947 114.380508672 10.855152457 -57.646676018 -0.755631953 -0.348886986 0.066492525 -0.550342591
1766070009.565099955 114.817424570 10.934475961 -58.035422156 -0.753851712 -0.352041654 0.067952041 -0.550596758
1766070009.665499926 115.249924474 11.020136376 -58.424945559 -0.754080234 -0.354967724 0.069409432 -0.548218247
1766070009.767899990 115.684993353 11.113639740 -58.813906235 -0.755302202 -0.356706893 0.071491698 -0.545130914
1766070009.868799925 116.115899151 11.207714216 -59.207289409 -0.755061347 -0.359828341 0.072811276 -0.543235165
1766070009.969700098 116.546453359 11.307895425 -59.603946821 -0.753135189 -0.360865634 0.075109243 -0.544905481
1766070010.067399979 116.979359400 11.412345791 -60.001092792 -0.753958381 -0.359070060 0.078346951 -0.544497206
1766070010.166500092 117.408295928 11.520508854 -60.403670154 -0.753329449 -0.358672575 0.080041041 -0.545382579
1766070010.269700050 117.831807185 11.625570504 -60.811724881 -0.752778896 -0.359195092 0.080723708 -0.545698179
1766070010.369699955 118.254109794 11.736556526 -61.222379020 -0.752788984 -0.359285210 0.080258200 -0.545693599
1766070010.470200062 118.674098499 11.838556889 -61.638381418 -0.752433884 -0.358559677 0.080498872 -0.546624313
1766070010.569000006 119.090534317 11.936132442 -62.054487972 -0.751532636 -0.358832464 0.080412934 -0.547696741
1766070010.671200037 119.501988122 12.042241334 -62.475467251 -0.751530069 -0.358798515 0.079839296 -0.547806414
1766070010.769999981 119.915948315 12.146891695 -62.891979282 -0.751151584 -0.358826525 0.079521327 -0.548353154
1766070010.868900061 120.325584655 12.253842484 -63.309449911 -0.751278817 -0.359091470 0.078954422 -0.548087269
1766070010.966000080 120.730083141 12.354211378 -63.731924972 -0.751231187 -0.359332807 0.078532461 -0.548055006
1766070011.068900108 121.129156270 12.448871449 -64.160220139 -0.750483267 -0.359681691 0.078753235 -0.548818617
1766070011.165499926 121.525357876 12.546251828 -64.591581017 -0.749922102 -0.359613585 0.079071347 -0.549584054
1766070011.269299984 121.919315858 12.650269889 -65.015816804 -0.750367090 -0.359448437 0.079131619 -0.549075803
1766070011.369499922 122.309858957 12.757046411 -65.439352880 -0.750538502 -0.360212090 0.079172668 -0.548334656
1766070011.469199896 122.698670474 12.863688116 -65.867003944 -0.751370842 -0.359921579 0.078349208 -0.547503165
1766070011.566299915 123.086831772 12.967654566 -66.298751630 -0.751474683 -0.359227951 0.078875251 -0.547740609
1766070011.669399977 123.472801140 13.071776229 -66.725496470 -0.751205379 -0.359113041 0.080009157 -0.548020836
1766070011.769000053 123.853945505 13.178742310 -67.156524536 -0.751412076 -0.358390161 0.080582856 -0.548126617
1766070011.869299889 124.232141682 13.283559276 -67.584954710 -0.750771925 -0.358723715 0.080925987 -0.548734725
1766070011.968800068 124.599970522 13.403080607 -68.013513733 -0.752050804 -0.360662296 0.081383118 -0.545636403
1766070012.069799900 124.967105326 13.512569469 -68.448841572 -0.753555931 -0.363810547 0.079533823 -0.541728452
1766070012.166399956 125.334987812 13.627475640 -68.884671836 -0.752923766 -0.364135783 0.079894141 -0.542335561
1766070012.267199993 125.699644476 13.749579868 -69.324508127 -0.751740541 -0.361923974 0.080973727 -0.545289328
1766070012.369299889 126.069198606 13.856503199 -69.764977544 -0.750648311 -0.361295664 0.081203228 -0.547173274
1766070012.469700098 126.439012407 13.966201441 -70.204618880 -0.750491513 -0.360409951 0.080913615 -0.548014729
1766070012.569400072 126.805892884 14.083375861 -70.642089333 -0.750669899 -0.360957597 0.079982464 -0.547546457
1766070012.669300079 127.173779522 14.206678987 -71.085545279 -0.750513218 -0.361723849 0.079455175 -0.547332295
1766070012.769200087 127.547227269 14.327905015 -71.524937655 -0.750203500 -0.361394438 0.079358602 -0.547988122
1766070012.868900061 127.918182053 14.452714179 -71.967446495 -0.750018344 -0.360960125 0.079429092 -0.548517358
1766070012.966799974 128.290282098 14.572677979 -72.406509921 -0.750357063 -0.360206584 0.079271717 -0.548572229
1766070013.064800024 128.663374649 14.693857119 -72.850332077 -0.750276211 -0.359896986 0.079713320 -0.548821968
1766070013.168400049 129.032432449 14.815744600 -73.295711277 -0.750140627 -0.359134007 0.079561057 -0.549528746
1766070013.264499903 129.402655856 14.935398168 -73.741391628 -0.750894425 -0.359279487 0.079097414 -0.548470065
1766070013.368400097 129.776683647 15.050192646 -74.188492609 -0.751559627 -0.358338634 0.078811300 -0.548215587
1766070013.464299917 130.146082416 15.167940960 -74.643668026 -0.751936112 -0.355441337 0.079229619 -0.549523618
1766070013.566800117 130.515125437 15.278564747 -75.096184004 -0.750724416 -0.353359446 0.081274951 -0.552217652
1766070013.667299986 130.882734727 15.386100419 -75.548621999 -0.747902807 -0.350917569 0.085859352 -0.556889956
1766070013.767100096 131.247598491 15.484305564 -76.000313509 -0.747082224 -0.350094293 0.087132381 -0.558310026
1766070013.865999937 131.608828168 15.578190974 -76.451643664 -0.747210364 -0.349617026 0.084524347 -0.558838297
1766070013.967799902 131.970561650 15.663828428 -76.899022280 -0.746345349 -0.346525058 0.080050395 -0.562566386
1766070014.067500114 132.335647099 15.748389204 -77.347249006 -0.741474837 -0.340405413 0.076334130 -0.573159944
1766070014.168600082 132.701051138 15.826408971 -77.795964823 -0.736891573 -0.331061722 0.072909444 -0.584870206
1766070014.263999939 133.069113798 15.898632757 -78.237197315 -0.736313272 -0.322147712 0.067183502 -0.591227532
1766070014.366699934 133.435981624 15.961193461 -78.669891021 -0.737747988 -0.312924735 0.060657508 -0.595085442
1766070014.466599941 133.802169354 16.021144849 -79.101914821 -0.740020768 -0.304192945 0.051510739 -0.597647521
1766070014.567300081 134.172840722 16.069833048 -79.525770152 -0.741889695 -0.295345938 0.042527433 -0.600468046
1766070014.665499926 134.541405437 16.112515394 -79.942222107 -0.742803028 -0.284247462 0.033673697 -0.605238073
1766070014.766999960 134.908762820 16.154784060 -80.353316555 -0.741460194 -0.273093280 0.023437380 -0.612460228
1766070014.866800070 135.280264812 16.193724075 -80.756282607 -0.738923442 -0.261670637 0.013228683 -0.620762134
1766070014.967299938 135.650964582 16.231980032 -81.152043317 -0.738297584 -0.252179487 0.002710555 -0.625551625
1766070015.064599991 136.019763769 16.273187279 -81.538175630 -0.736837392 -0.245383906 -0.010041113 -0.629886158
1766070015.163700104 136.390002885 16.311104841 -81.914701480 -0.735124193 -0.236243771 -0.019786685 -0.635129742
1766070015.263799906 136.764755960 16.347344163 -82.278840572 -0.734894060 -0.222220727 -0.024897720 -0.640256802
1766070015.366800070 137.139813026 16.380069080 -82.629286565 -0.734881498 -0.209185909 -0.030006090 -0.644430038
1766070015.464099884 137.515496613 16.406006048 -82.960861994 -0.734725668 -0.199837623 -0.038066381 -0.647143005
1766070015.564800024 137.895549970 16.434607847 -83.275264446 -0.735666199 -0.191179615 -0.043743308 -0.648330256
1766070015.667500019 138.269243667 16.450393830 -83.581537034 -0.735549064 -0.183872761 -0.049899493 -0.650129543
1766070015.766900063 138.645446279 16.463189995 -83.869861672 -0.733336740 -0.183344973 -0.057685111 -0.652130566
1766070015.868099928 139.021599653 16.473446294 -84.140816902 -0.727783319 -0.185024493 -0.065784172 -0.657091942
1766070015.968100071 139.401433418 16.475766997 -84.403811377 -0.725544986 -0.182927974 -0.070187103 -0.659693566
1766070016.068700075 139.784669876 16.480990401 -84.648908453 -0.727472419 -0.180557902 -0.073618018 -0.657847331
1766070016.168999910 140.165451070 16.486809939 -84.890028564 -0.732123230 -0.178219757 -0.077808517 -0.652823964
1766070016.265000105 140.548837405 16.492014553 -85.109878190 -0.734736614 -0.176517469 -0.080519375 -0.650015631
1766070016.365999937 140.932341563 16.500536962 -85.318833518 -0.737106215 -0.173284782 -0.078447852 -0.648454121
1766070016.468699932 141.314262521 16.510954475 -85.537004206 -0.738539742 -0.171516168 -0.076397937 -0.647537342
1766070016.568799973 141.693214038 16.526520069 -85.741207715 -0.738407202 -0.171329260 -0.076118586 -0.647770831
1766070016.665999889 142.072032765 16.544197034 -85.941610427 -0.735274797 -0.173385321 -0.078479516 -0.650499400
1766070016.765799999 142.447434439 16.568298393 -86.136406754 -0.732866379 -0.174966601 -0.079644324 -0.652648712
1766070016.868999958 142.828290178 16.596169565 -86.331482396 -0.731743214 -0.176839867 -0.078170953 -0.653581543
1766070016.966099977 143.213098721 16.622655627 -86.507750088 -0.731893492 -0.181039508 -0.075907369 -0.652529451
1766070017.069499969 143.595604635 16.656772400 -86.688951609 -0.732236809 -0.186209517 -0.072085366 -0.651121319
1766070017.170399904 143.982556797 16.698123744 -86.865974112 -0.734045700 -0.192385531 -0.068184570 -0.647700226
1766070017.269900084 144.369128942 16.741036875 -87.032044129 -0.735358288 -0.195250240 -0.062364585 -0.645938225
1766070017.369800091 144.752608892 16.787550570 -87.194342877 -0.734153867 -0.197882713 -0.057751485 -0.646935312
1766070017.469700098 145.138088689 16.835916230 -87.354191103 -0.733895056 -0.201719836 -0.055507854 -0.646239919
1766070017.566200018 145.519232448 16.882409779 -87.512163478 -0.733820367 -0.207107659 -0.054471868 -0.644706834
1766070017.670099974 145.909946851 16.936961716 -87.661584683 -0.731095924 -0.211299326 -0.053214438 -0.646544329
1766070017.769799948 146.298413772 16.992236271 -87.816194030 -0.727252891 -0.214303858 -0.051855642 -0.649990831
1766070017.866100073 146.683300733 17.050567288 -87.962549725 -0.726023433 -0.216028264 -0.050358434 -0.650911508
1766070017.965600014 147.075624713 17.113681176 -88.096205090 -0.724012132 -0.219825460 -0.051273558 -0.651808424
1766070018.065799952 147.466636582 17.173450693 -88.223922003 -0.722552670 -0.226786090 -0.053594175 -0.650855877
1766070018.169600010 147.858976365 17.244473975 -88.354520476 -0.723751709 -0.231590488 -0.054708136 -0.647731681
1766070018.266299963 148.254178914 17.315413476 -88.480256105 -0.725134763 -0.232929530 -0.053703895 -0.645785801
1766070018.370199919 148.654530909 17.392445423 -88.608970858 -0.724595302 -0.233625383 -0.053283893 -0.646174632
1766070018.467999935 149.053403389 17.463481510 -88.733578706 -0.724499830 -0.233251897 -0.052291593 -0.646497594
1766070018.569600105 149.454831450 17.535814491 -88.855229712 -0.724755127 -0.232553707 -0.050673735 -0.646591797
1766070018.670599937 149.858919728 17.612321588 -88.980566721 -0.724199200 -0.231937510 -0.048149401 -0.647628092
1766070018.769200087 150.265876836 17.689892636 -89.101748326 -0.725827138 -0.231318219 -0.045074474 -0.646246964
1766070018.865299940 150.674964002 17.761811078 -89.224245170 -0.727210866 -0.231307567 -0.045257896 -0.644680455
1766070018.969399929 151.084645901 17.833766452 -89.346733284 -0.725113281 -0.230738473 -0.044680292 -0.647282132
1766070019.067500114 151.499633606 17.897919226 -89.470059582 -0.722438246 -0.229350126 -0.044171010 -0.650792150
1766070019.167900085 151.909341112 17.965585164 -89.590390210 -0.720389686 -0.230138807 -0.044641758 -0.652749526
1766070019.268199921 152.321876685 18.040920613 -89.708734580 -0.718715414 -0.231907242 -0.045882243 -0.653882256
1766070019.367399931 152.737297599 18.105692412 -89.828213175 -0.718444880 -0.234462897 -0.044289536 -0.653377794
1766070019.465800047 153.158624464 18.167135518 -89.944490224 -0.718498734 -0.235748767 -0.040988823 -0.653071210
1766070019.563999891 153.581138434 18.228552978 -90.058909682 -0.718507639 -0.237053144 -0.039941777 -0.652653993
1766070019.668800116 154.005259201 18.287055622 -90.174198721 -0.718511750 -0.238277247 -0.039491023 -0.652231000
1766070019.763999939 154.434216640 18.339115084 -90.283739439 -0.718156626 -0.239296127 -0.038243459 -0.652323434
1766070019.865999937 154.863084049 18.388503298 -90.401156336 -0.719628498 -0.237024738 -0.037946949 -0.651547486
1766070019.965500116 155.297244064 18.431828760 -90.511110837 -0.719833306 -0.233770924 -0.038645936 -0.652455100
1766070020.062900066 155.730850387 18.470679796 -90.625374142 -0.718389671 -0.233357204 -0.039674678 -0.654130427
1766070020.168200016 156.167732646 18.503675691 -90.740891193 -0.717493719 -0.235973021 -0.038888336 -0.654222588
1766070020.263099909 156.604054358 18.535030565 -90.860840348 -0.717388014 -0.238054650 -0.037363536 -0.653672997
1766070020.365000010 157.043865777 18.561275610 -90.973277638 -0.717781013 -0.240643563 -0.034226716 -0.652464271
1766070020.465899944 157.484421146 18.579973097 -91.085026872 -0.717571396 -0.242289559 -0.032337679 -0.652181981
1766070020.571399927 157.928863406 18.594123690 -91.194623210 -0.717151370 -0.243575955 -0.031064504 -0.652226697
1766070020.662100077 158.372633569 18.606775785 -91.307601295 -0.717351150 -0.245229673 -0.030734936 -0.651402409
1766070020.764899969 158.818524124 18.614260203 -91.415404723 -0.718618542 -0.249820479 -0.032428606 -0.648170891
1766070020.861599922 159.263400192 18.625537414 -91.521166555 -0.719229462 -0.256614129 -0.034357549 -0.644730741
1766070020.965100050 159.713181439 18.636361486 -91.632093385 -0.721155149 -0.261481700 -0.034273711 -0.640615238
1766070021.064399958 160.168602008 18.650373270 -91.742548781 -0.721834619 -0.267018928 -0.036353308 -0.637443418
1766070021.161000013 160.625194212 18.670664211 -91.851678531 -0.721882556 -0.271836021 -0.036960226 -0.635314642
1766070021.261100054 161.084271122 18.689785893 -91.970443142 -0.722963048 -0.273712056 -0.034768550 -0.633401365
1766070021.364500046 161.555980175 18.706020975 -92.086425324 -0.724189465 -0.275133027 -0.033213765 -0.631465186
1766070021.464499950 162.024930408 18.728454275 -92.212832227 -0.724516864 -0.275318830 -0.031330880 -0.631104770
1766070021.563800097 162.497985744 18.765463723 -92.340682985 -0.723768741 -0.274725229 -0.029160920 -0.632324679
1766070021.661799908 162.974198782 18.799532520 -92.472382095 -0.723900076 -0.273959659 -0.025484486 -0.632665256
1766070021.764199972 163.453386507 18.841743901 -92.603438606 -0.724701073 -0.272976556 -0.021949811 -0.632305591
1766070021.863500118 163.934812162 18.885428624 -92.736757479 -0.724294159 -0.273089276 -0.020606045 -0.632768211
1766070021.960500002 164.414802830 18.930965856 -92.886109993 -0.723456327 -0.274848123 -0.019816592 -0.632990327
1766070022.063999891 164.902265179 18.977452980 -93.030401718 -0.722407150 -0.277810126 -0.017632471 -0.632960140
1766070022.164099932 165.392984933 19.033684958 -93.176463703 -0.721553064 -0.278383850 -0.014553027 -0.633760063
1766070022.263000011 165.882581208 19.086624571 -93.326608086 -0.721118177 -0.278177782 -0.011213756 -0.634413074
1766070022.364099979 166.371336391 19.139879285 -93.477551400 -0.720944447 -0.278594248 -0.008846539 -0.634465198
1766070022.458499908 166.866843980 19.191127150 -93.629296249 -0.720420962 -0.280128861 -0.004585773 -0.634429216
1766070022.558700085 167.361987795 19.237418256 -93.778814089 -0.720136966 -0.281811338 -0.001195168 -0.634021839
1766070022.659800053 167.850860298 19.283056815 -93.934304947 -0.719734044 -0.283334456 -0.000677730 -0.633801257
1766070022.761100054 168.347202740 19.331445353 -94.083911521 -0.718727737 -0.283787927 0.000741779 -0.634739554
1766070022.860800028 168.840555742 19.376542970 -94.236156307 -0.718213171 -0.283186863 0.001119543 -0.635589323
1766070022.961400032 169.331751562 19.423099489 -94.385796456 -0.716680854 -0.279988167 0.000350428 -0.638729251
1766070023.058599949 169.821786249 19.462051597 -94.540815045 -0.715577079 -0.270835245 0.000091313 -0.643892620
1766070023.161000013 170.312513121 19.503633131 -94.690399594 -0.712635597 -0.262572109 -0.001990352 -0.650540107
1766070023.259299994 170.807555002 19.545829866 -94.838273119 -0.712110346 -0.255164956 -0.005229666 -0.654035435
1766070023.357100010 171.296879027 19.585037827 -94.977273035 -0.711085646 -0.248632566 -0.009768781 -0.657604457
1766070023.460500002 171.787020878 19.619399706 -95.120670598 -0.708541924 -0.244664396 -0.014912521 -0.661729017
1766070023.560100079 172.273026838 19.652295123 -95.254507634 -0.708071904 -0.238849262 -0.016717901 -0.664308453
1766070023.660000086 172.757723760 19.683336274 -95.379685984 -0.708422435 -0.234487522 -0.018839078 -0.665430946
1766070023.759000063 173.235081728 19.711991311 -95.501985895 -0.709383764 -0.230823652 -0.021273520 -0.665614418
1766070023.856499910 173.711627322 19.731862511 -95.618306360 -0.709337414 -0.228791750 -0.024992495 -0.666235802
1766070023.958899975 174.185940514 19.753299455 -95.730497956 -0.708459868 -0.227643947 -0.027951876 -0.667444036
1766070024.058500051 174.659738327 19.773951742 -95.836534919 -0.709787512 -0.226752669 -0.027262494 -0.666364518
1766070024.158600092 175.126554924 19.796215174 -95.941217990 -0.714750173 -0.229129676 -0.029251974 -0.660133399
1766070024.258199930 175.591794614 19.817610534 -96.038452685 -0.718641158 -0.234278195 -0.030998955 -0.653993638
1766070024.355400085 176.054126889 19.832005010 -96.141450824 -0.717996192 -0.235287433 -0.030365942 -0.654369316
1766070024.458899975 176.515185932 19.844741758 -96.239653624 -0.715964123 -0.237799231 -0.029441223 -0.655728690
1766070024.555000067 176.980547744 19.861669705 -96.337532681 -0.715890178 -0.239165590 -0.027645281 -0.655390580
1766070024.654700041 177.439483031 19.869905135 -96.432820987 -0.715938126 -0.240688306 -0.026655372 -0.654821526
1766070024.758300066 177.905962301 19.881542460 -96.529344023 -0.715811341 -0.242511995 -0.026062458 -0.654310939
1766070024.858500004 178.369859993 19.892979066 -96.622432691 -0.717632759 -0.244312311 -0.024748365 -0.651691827
1766070024.958199978 178.831940083 19.906339088 -96.714837363 -0.718386092 -0.246531756 -0.025274095 -0.650003643
1766070025.058300018 179.290588054 19.920034189 -96.810767514 -0.717793934 -0.248095446 -0.025821565 -0.650041356
1766070025.159300089 179.752596838 19.927118205 -96.902214505 -0.718242401 -0.249169123 -0.024987448 -0.649167335
1766070025.254899979 180.211569146 19.933075508 -96.996101039 -0.718711452 -0.249803035 -0.025810201 -0.648371904
1766070025.355400085 180.669095722 19.942527152 -97.093550193 -0.718563160 -0.251596240 -0.027356967 -0.647779216
1766070025.458300114 181.130061733 19.951765494 -97.188964845 -0.717786727 -0.253798588 -0.027847016 -0.647760014
1766070025.556200027 181.593827856 19.963825083 -97.288723547 -0.718736887 -0.255795146 -0.028024975 -0.645910776
1766070025.660700083 182.061364427 19.963155156 -97.385176977 -0.716812580 -0.263454860 -0.032753171 -0.644746843
1766070025.754100084 182.521141309 19.985594602 -97.486355483 -0.716907466 -0.267244110 -0.034141035 -0.643007512
1766070025.858000040 182.992117879 19.991306264 -97.586214752 -0.716975164 -0.268581977 -0.034564877 -0.642351621
1766070025.954099894 183.469819572 20.003438994 -97.692385849 -0.716341573 -0.267256681 -0.034428002 -0.643617379
1766070026.057800055 183.955833280 20.013960329 -97.794612656 -0.715364106 -0.267784015 -0.034280900 -0.644492620
1766070026.157399893 184.444743085 20.029066882 -97.898658977 -0.714652178 -0.268052650 -0.033912644 -0.645189874
1766070026.256400108 184.927555153 20.046625259 -98.009524927 -0.713475375 -0.267406005 -0.033884705 -0.646760190
1766070026.357199907 185.418039951 20.067784248 -98.115193236 -0.711045794 -0.267020430 -0.034698300 -0.649545992
1766070026.453500032 185.911905423 20.090280046 -98.226219127 -0.711542428 -0.264442893 -0.034289863 -0.650078099
1766070026.556400061 186.402527723 20.113469628 -98.341914992 -0.711157339 -0.264502562 -0.035234546 -0.650424600
1766070026.656599998 186.895987527 20.144369356 -98.457312035 -0.711130062 -0.264682282 -0.035021765 -0.650392805
1766070026.756200075 187.386828912 20.171159210 -98.581548863 -0.710607539 -0.264700406 -0.035527715 -0.650928876
1766070026.857100010 187.882081013 20.201357664 -98.699462265 -0.709657322 -0.264121824 -0.035786928 -0.652185130
1766070026.956000090 188.376381101 20.235704038 -98.827239463 -0.707578120 -0.261114071 -0.038282746 -0.655505208
1766070027.055700064 188.876709917 20.265750305 -98.950162456 -0.705656945 -0.257651266 -0.041998082 -0.658711062
1766070027.155400038 189.376165949 20.299008883 -99.065723955 -0.703853197 -0.253300582 -0.044701911 -0.662141398
1766070027.254800081 189.874849100 20.328937971 -99.188161995 -0.702444826 -0.249130052 -0.047345510 -0.665029237
1766070027.351700068 190.381520491 20.358994048 -99.297736389 -0.699822869 -0.246936460 -0.049599814 -0.668438625
1766070027.451499939 190.884915276 20.385937510 -99.410578822 -0.700125560 -0.242755112 -0.051974635 -0.669472026
1766070027.556999922 191.390380656 20.417327323 -99.517118502 -0.700018091 -0.237564517 -0.053567285 -0.671318344
1766070027.654999971 191.897020809 20.442766481 -99.620871244 -0.698103366 -0.234585419 -0.056164021 -0.674141658
1766070027.756000042 192.406054689 20.470520523 -99.719790007 -0.696838571 -0.230833032 -0.058993879 -0.676499696
1766070027.868799925 192.908161947 20.493286824 -99.816150112 -0.696781154 -0.225123072 -0.060851175 -0.678316121
1766070028.008500099 193.665398065 20.510975110 -99.950406545 -0.694864658 -0.218737221 -0.066022255 -0.681878433
1766070028.106300116 194.168499573 20.525597180 -100.033871716 -0.694221612 -0.214852251 -0.070408810 -0.683328225
1766070028.207000017 194.670517771 20.533079200 -100.112267816 -0.693862670 -0.210777777 -0.073881618 -0.684593916
1766070028.311300039 195.174420438 20.546196945 -100.183740006 -0.692369572 -0.207284144 -0.078334072 -0.686674182
1766070028.409399986 195.674698427 20.555314031 -100.250385477 -0.691709672 -0.201760224 -0.081707231 -0.688588753
1766070028.514600039 196.177587651 20.564584710 -100.305771277 -0.690633948 -0.197307507 -0.083471030 -0.690743864
1766070028.615200043 196.675470781 20.573525879 -100.357371747 -0.691141045 -0.191740363 -0.086161325 -0.691473727
1766070028.713599920 197.176904335 20.579482415 -100.393879479 -0.690571994 -0.187647560 -0.090298845 -0.692636148
1766070028.813800097 197.674017125 20.587542642 -100.428861281 -0.690568694 -0.181811432 -0.093756420 -0.693735696
1766070028.914599895 198.173265119 20.594955730 -100.447708067 -0.690151637 -0.177182752 -0.096618141 -0.694954621
1766070029.015300035 198.671956552 20.603892521 -100.460550898 -0.689738662 -0.171535290 -0.099622821 -0.696355884
1766070029.120399952 199.169853358 20.614239599 -100.465661768 -0.691782265 -0.164187982 -0.101995200 -0.695756124
1766070029.221100092 199.662529130 20.616262733 -100.459948518 -0.691570262 -0.155548350 -0.106114324 -0.697334234
1766070029.318000078 200.156368826 20.618877406 -100.443630708 -0.690237370 -0.146269231 -0.112226939 -0.699701936
1766070029.418999910 200.643521625 20.618052492 -100.425799998 -0.688166904 -0.136180320 -0.119258068 -0.702608530
1766070029.521600008 201.128727053 20.611678708 -100.388044792 -0.687386885 -0.125568206 -0.124426617 -0.704450079
1766070029.624200106 201.611903321 20.600202881 -100.349368655 0.686325946 0.117323017 0.132575873 0.705418772
1766070029.724100113 202.094930459 20.590710021 -100.289838828 0.683774524 0.109142140 0.139083225 0.707952152
1766070029.823899984 202.569416723 20.572378254 -100.230262628 0.682627634 0.101508373 0.145136372 0.708978841
1766070029.924799919 203.042245900 20.552413291 -100.153612356 0.681664372 0.094410980 0.150399737 0.709788821
1766070030.029400110 203.515660797 20.531284979 -100.062337175 0.680456298 0.084542649 0.156427941 0.710888223
1766070030.123199940 203.984482273 20.509602775 -99.963903402 0.677861366 0.074096346 0.163708782 0.712890690
1766070030.223500013 204.447332482 20.481904744 -99.847739793 0.674517801 0.064717587 0.170850213 0.715295445
1766070030.329999924 204.906778925 20.457623553 -99.722056982 0.672968216 0.055531855 0.176623781 0.716124314
1766070030.425400019 205.358420324 20.423917385 -99.576616045 0.672306233 0.044931373 0.182814285 0.715936057
1766070030.525500059 205.807556482 20.393694989 -99.416691052 0.670406629 0.032269571 0.190113969 0.716498643
1766070030.625499964 206.248723772 20.359829752 -99.247756736 0.665735017 0.018701911 0.199393937 0.718810951
1766070030.725300074 206.681912310 20.319872044 -99.064673443 0.662723109 0.006236805 0.209102960 0.719051552
1766070030.828399897 207.107263824 20.273170797 -98.867024433 0.658629307 -0.006696597 0.218480576 0.720020020
1766070030.927599907 207.532152849 20.235085814 -98.654273604 0.652996066 -0.021531698 0.229008696 0.721586822
1766070031.024699926 207.947130419 20.191092056 -98.424714400 0.648492870 -0.039089859 0.240963555 0.721017022
1766070031.124599934 208.358896041 20.143867505 -98.182925312 0.641979825 -0.060736888 0.253595464 0.721014754
1766070031.227799892 208.753316612 20.092496727 -97.914849946 0.631635038 -0.081907995 0.268876069 0.722519147
1766070031.327100039 209.146526449 20.041172316 -97.633970582 0.623890232 -0.106628636 0.282813621 0.720699499
1766070031.427099943 209.529293796 19.982130486 -97.341747697 0.615074766 -0.135222933 0.294444726 0.718818541
1766070031.526900053 209.890880895 19.927319849 -97.024138490 0.604622695 -0.161901778 0.307917667 0.716523496
1766070031.626399994 210.237012741 19.860828543 -96.694133861 0.598764790 -0.197133650 0.314826789 0.709579553
1766070031.726099968 210.564022495 19.794226781 -96.345475274 0.593503280 -0.233180489 0.321282599 0.700112997
1766070031.823999882 210.867087624 19.721215925 -95.987904270 0.586459270 -0.265986345 0.330566395 0.689958439
1766070031.920700073 211.145404186 19.646828066 -95.619488850 0.577704606 -0.297534528 0.343037508 0.678274178
1766070032.019799948 211.393381711 19.570978106 -95.235505854 0.563604385 -0.327401313 0.354212682 0.670590675
1766070032.119299889 211.616243539 19.489647285 -94.847360323 0.549559053 -0.360351326 0.361268251 0.661526280
1766070032.221999884 211.798831532 19.400211114 -94.451525659 0.538258609 -0.390549741 0.367447237 0.650177743
1766070032.321199894 211.948359446 19.316496720 -94.050712654 0.530249090 -0.415314586 0.375793375 0.636497476
1766070032.420000076 212.063826595 19.235403698 -93.648302897 0.517932370 -0.434377179 0.387160009 0.627032419
1766070032.517699957 212.151564873 19.160531234 -93.233931317 0.507733779 -0.452835084 0.398449810 0.615129698
1766070032.618900061 212.200763194 19.074480578 -92.841732507 0.498732731 -0.472515304 0.409182244 0.600470516
1766070032.715699911 212.217961359 18.997541940 -92.440731273 0.490018956 -0.490750886 0.419704449 0.585570804
1766070032.815900087 212.211447814 18.923266109 -92.042921748 0.479190248 -0.510268416 0.428005516 0.571676594
1766070032.918800116 212.173667477 18.853106366 -91.653976394 0.468794610 -0.528752027 0.437861364 0.555815017
1766070033.019000053 212.108896383 18.783387356 -91.268845999 0.456277794 -0.546199223 0.447896029 0.541171073
1766070033.116499901 212.016956850 18.717425382 -90.900345562 0.443854566 -0.562464534 0.458782966 0.525494969
1766070033.215199947 211.901372921 18.659593394 -90.533178209 0.432236076 -0.579011272 0.470735579 0.506286418
1766070033.315399885 211.760020340 18.599943736 -90.184660469 0.418075513 -0.593254244 0.484002281 0.488880414
1766070033.418699980 211.598421051 18.548582828 -89.838895693 0.404131727 -0.610092482 0.493572166 0.469948112
1766070033.515000105 211.417902515 18.505796825 -89.508252654 0.389733563 -0.623737473 0.506399602 0.450131934
1766070033.616300106 211.223622367 18.468492977 -89.191588480 0.371973417 -0.634176055 0.520806288 0.433840198
1766070033.719300032 211.007774794 18.438756042 -88.881539504 0.350958835 -0.645872247 0.531435658 0.421014343
1766070033.819400072 210.777933745 18.418008897 -88.580107558 0.328257458 -0.657071580 0.540268781 0.410625894
1766070033.920099974 210.536030817 18.402593061 -88.295591751 0.305750676 -0.668543075 0.548273653 0.398701246
1766070034.020299911 210.274121057 18.399252663 -88.011425665 0.285909766 -0.681548636 0.554093597 0.383050059
1766070034.117300034 209.993998518 18.403651082 -87.738073299 0.268235282 -0.694302477 0.560531182 0.363040905
1766070034.217499971 209.697131872 18.409521111 -87.483199285 0.253742157 -0.705118294 0.568907902 0.338772649
1766070034.320699930 209.386181767 18.419473349 -87.233326345 0.253280675 -0.713124859 0.578996472 0.303422018
1766070034.416800022 209.065824951 18.435264028 -87.001367629 0.246264006 -0.715899065 0.590282407 0.280016514
1766070034.520400047 208.743370168 18.453231810 -86.782107804 0.229338545 -0.713826811 0.603396213 0.271602881
1766070034.620100021 208.415371791 18.476111417 -86.571043152 0.210642491 -0.706165074 0.619927617 0.269537342
1766070034.717000008 208.087718324 18.500771302 -86.362126361 0.198182592 -0.705648789 0.627598560 0.262494751
1766070034.820300102 207.746341223 18.529914361 -86.158425138 0.203196051 -0.712034149 0.627908780 0.239685837
1766070034.917399883 207.406236873 18.558526259 -85.957952558 0.221758637 -0.723864014 0.620641303 0.204079322
1766070035.019500017 207.074668537 18.596555774 -85.770697976 0.230493098 -0.727884939 0.619850764 0.181222175
1766070035.119100094 206.749190775 18.640545721 -85.592414523 0.238576142 -0.726343270 0.623849822 0.162229091
1766070035.215699911 206.443554671 18.685786656 -85.431979986 0.247746535 -0.726951000 0.623452571 0.146529144
1766070035.314800024 206.145907872 18.742471330 -85.281587723 0.251400295 -0.729052104 0.620616240 0.141832312
1766070035.414000034 205.868319165 18.805745503 -85.141090844 0.249664998 -0.730454586 0.619546136 0.142358953
1766070035.517100096 205.604195356 18.876888046 -85.015904152 0.247075082 -0.732749950 0.617774103 0.142781554
1766070035.616800070 205.349723171 18.955803247 -84.897299134 0.251523266 -0.735246142 0.614282968 0.137133485
1766070035.716799974 205.097960677 19.047958949 -84.786077548 0.264895409 -0.737948320 0.608249097 0.123675931
1766070035.814100027 204.881092867 19.134781319 -84.695486455 0.273563555 -0.738894492 0.604537307 0.117185987
1766070035.912600040 204.673273436 19.223884690 -84.613863070 0.272940386 -0.739628544 0.602777389 0.122933239
1766070036.111500025 204.304813201 19.412095412 -84.487646046 0.267637802 -0.739253462 0.602736106 0.136321354
1766070036.211699963 204.137037620 19.506992859 -84.437926128 0.278349812 -0.740923538 0.598518348 0.123812274
1766070036.314699888 203.987473720 19.595196866 -84.401976947 0.285959998 -0.742689099 0.594721718 0.113779873
1766070036.410799980 203.853567114 19.679507787 -84.385240539 0.281362767 -0.742071320 0.596981559 0.117380438
1766070036.510299921 203.733584619 19.755227852 -84.377601483 0.269920330 -0.740063374 0.601969069 0.130699880
1766070036.610199928 203.627840465 19.819929029 -84.384071577 0.265000448 -0.739425039 0.603612495 0.136665031
1766070036.713099957 203.526755787 19.874456333 -84.396117534 0.273925349 -0.741864640 0.599213306 0.124680281
1766070036.809799910 203.436797479 19.917715593 -84.419695605 0.277491099 -0.742733937 0.597751384 0.118483214
1766070036.909499884 203.364689580 19.949383304 -84.461129958 0.263692377 -0.740407565 0.603711912 0.133397511
1766070037.012700081 203.295773149 19.969099102 -84.508906583 0.250372624 -0.738692173 0.608894455 0.144550908
1766070037.110899925 203.230431962 19.977091932 -84.562792440 0.236577231 -0.736762888 0.614145989 0.155036658
1766070037.213299990 203.168411178 19.970576701 -84.622770530 0.228284009 -0.736891963 0.616831122 0.156192231
1766070037.312900066 203.100790938 19.951795878 -84.684656222 0.224493359 -0.738448665 0.617550239 0.151419955
1766070037.412499905 203.034011650 19.920074496 -84.749184474 0.219873696 -0.739022267 0.619326550 0.148108984
1766070037.510900021 202.965832271 19.876306079 -84.818496788 0.209758354 -0.738442873 0.622768188 0.151206284
1766070037.612299919 202.893200114 19.822009659 -84.888541874 0.201336109 -0.738051707 0.625307295 0.154059200
1766070037.712199926 202.818621956 19.758529580 -84.957245608 0.193879416 -0.740939053 0.623275396 0.157948955
1766070037.810499907 202.735850287 19.685582811 -85.024678301 0.185804196 -0.750249867 0.614702300 0.157299144
1766070037.908600092 202.647060201 19.602998640 -85.096527873 0.175003601 -0.757134347 0.611500455 0.148958094
1766070038.009999990 202.544985189 19.515809301 -85.172511921 0.158817667 -0.763987859 0.610528895 0.135476820
1766070038.112099886 202.435243090 19.420207713 -85.254932295 0.137353894 -0.769338906 0.612084501 0.120847505
1766070038.208400011 202.315852148 19.318255355 -85.342237301 0.104196958 -0.776551744 0.611397389 0.110921667
1766070038.311500072 202.185467631 19.208464951 -85.435695418 0.069432392 -0.783982120 0.608945756 0.098672413
1766070038.407799959 202.043151238 19.090433504 -85.536232549 0.036963770 -0.791778106 0.604226979 0.081430145
1766070038.507999897 201.888011905 18.966950307 -85.643862568 0.005735820 -0.796594874 0.601573698 0.059268828
1766070038.611000061 201.715413171 18.841136319 -85.762221170 -0.025121879 -0.798558123 0.600398211 0.034580407
1766070038.711199999 201.530773605 18.710397120 -85.890888830 -0.060766128 -0.799791149 0.597023846 0.014287184
1766070038.807600021 201.333371741 18.574554185 -86.029324328 -0.098385113 -0.801262331 0.590160754 -0.003054691
1766070038.907700062 201.124485447 18.434243107 -86.181200285 -0.130990629 -0.802519996 0.581392356 -0.028036399
1766070039.009000063 200.897941394 18.292534192 -86.346772614 -0.159538341 -0.801407891 0.573700189 -0.056222799
1766070039.107899904 200.661521546 18.154746689 -86.524871811 -0.187243487 -0.798622583 0.566149196 -0.081344549
1766070039.210500002 200.420702041 18.014937737 -86.719129433 -0.216907943 -0.794521433 0.557696741 -0.103252033
1766070039.311000109 200.170872327 17.885371488 -86.927198556 -0.247848458 -0.791519284 0.545733788 -0.119344030
1766070039.410399914 199.909247768 17.765322664 -87.147808770 -0.277539109 -0.789377646 0.531647294 -0.131172138
1766070039.507200003 199.636833305 17.655341256 -87.386300987 -0.300531524 -0.788701916 0.515423608 -0.148218068
1766070039.611200094 199.362220555 17.553709891 -87.638677322 -0.320207597 -0.785860350 0.501170069 -0.169467303
1766070039.709399939 199.081136090 17.469877156 -87.908300658 -0.338916071 -0.782340223 0.486377716 -0.191092623
1766070039.810499907 198.798336695 17.400952259 -88.197081332 -0.356722863 -0.777464446 0.471892111 -0.213578253
1766070039.910700083 198.519495115 17.335861050 -88.501600030 -0.375007947 -0.769375197 0.460648114 -0.235019490
1766070040.007600069 198.245857469 17.287777755 -88.826096320 -0.392309200 -0.760669027 0.448967671 -0.256718044
1766070040.107300043 197.975165588 17.244110959 -89.166909615 -0.408961579 -0.751856702 0.437247196 -0.276182577
1766070040.209599972 197.704846574 17.218464905 -89.519815344 -0.425176094 -0.743174507 0.425083019 -0.293634751
1766070040.306999922 197.446499170 17.203236508 -89.887817918 -0.440957867 -0.733771025 0.414504330 -0.308743263
1766070040.409600019 197.200990339 17.188076568 -90.267883896 -0.454161873 -0.726679948 0.401839910 -0.322797046
1766070040.509599924 196.949827695 17.204371799 -90.660245600 -0.466721744 -0.720733971 0.389025028 -0.333725763
1766070040.608900070 196.709163918 17.216722816 -91.060566860 -0.475173640 -0.715217652 0.377553864 -0.346593135
1766070040.707999945 196.478667411 17.247214977 -91.477663641 -0.482016142 -0.709725598 0.367733881 -0.358778213
1766070040.808700085 196.266508366 17.275418792 -91.900125911 -0.488389549 -0.705172556 0.356416167 -0.370371207
1766070040.907700062 196.066090082 17.319868714 -92.331934057 -0.494002297 -0.701287126 0.345057101 -0.380911663
1766070041.006799936 195.873024236 17.380485976 -92.774884998 -0.499842405 -0.696306919 0.335626219 -0.390729171
1766070041.108200073 195.683509594 17.441466916 -93.218480966 -0.508283315 -0.691198735 0.326490790 -0.396605781
1766070041.207999945 195.531750960 17.492938174 -93.673518692 -0.517017548 -0.688618172 0.315772370 -0.398479207
1766070041.308599949 195.401278117 17.560613342 -94.143968173 -0.521962442 -0.686865859 0.306221117 -0.402491152
1766070041.405800104 195.270116076 17.660073491 -94.621828868 -0.524286194 -0.684429007 0.299196055 -0.408855283
1766070041.504699945 195.160387809 17.737337616 -95.101528788 -0.525989807 -0.681163661 0.293748642 -0.416007843
1766070041.607899904 195.059412618 17.833395183 -95.593045852 -0.527412949 -0.678435351 0.289031854 -0.421926111
1766070041.705199957 194.983143373 17.916652299 -96.091084159 -0.529156182 -0.676186760 0.284861468 -0.426167978
1766070041.804600000 194.913171134 18.025412091 -96.598685039 -0.532677167 -0.673907297 0.280054772 -0.428571249
1766070041.904500008 194.866576344 18.135210401 -97.113428077 -0.535400562 -0.670677839 0.275868548 -0.432936507
1766070042.007800102 194.835688316 18.218742910 -97.633581471 -0.538465075 -0.667459549 0.271087105 -0.437109705
1766070042.107500076 194.818759092 18.348741580 -98.161577531 -0.541879285 -0.663438737 0.266793987 -0.441629767
1766070042.207400084 194.816515453 18.458245955 -98.695471039 -0.546392810 -0.659089214 0.260657221 -0.446222051
1766070042.304199934 194.819246740 18.586238039 -99.236254505 -0.550538609 -0.656112306 0.251130110 -0.450951828
1766070042.403700113 194.857263861 18.696494806 -99.783131294 -0.553663080 -0.654056686 0.240979788 -0.455626806
1766070042.506700039 194.902962790 18.814172744 -100.337775902 -0.556476183 -0.649501056 0.234555524 -0.462024179
1766070042.607199907 194.967593947 18.921345636 -100.898918401 -0.560385367 -0.643798820 0.228297917 -0.468370987
1766070042.708100080 195.050040539 19.034773091 -101.467394583 -0.562859937 -0.638421262 0.221665306 -0.475890194
1766070042.808700085 195.155031257 19.145021258 -102.039498521 -0.565543203 -0.632211095 0.217458842 -0.482888878
1766070042.906300068 195.272240847 19.249786966 -102.616645857 -0.569369649 -0.625133014 0.212454361 -0.489785731
1766070043.008100033 195.409902056 19.356315810 -103.194569070 -0.574310649 -0.617879361 0.204926009 -0.496384633
1766070043.112499952 195.564043379 19.459654300 -103.782489653 -0.578787118 -0.610546485 0.197449697 -0.503241572
1766070043.213500023 195.730825668 19.564392165 -104.362211372 -0.582663677 -0.603552894 0.190318491 -0.509907655
1766070043.314500093 195.918276748 19.663690082 -104.940422639 -0.586216582 -0.596015642 0.184694774 -0.516723634
1766070043.412600040 196.117393077 19.773175039 -105.521899994 -0.589601739 -0.588876203 0.179183335 -0.522960744
1766070043.516000032 196.332117246 19.876352248 -106.098882111 -0.591754509 -0.583620789 0.173015591 -0.528468524
1766070043.614900112 196.563316422 19.980394270 -106.671336652 -0.595067511 -0.577990312 0.167525104 -0.532688649
1766070043.717700005 196.811755991 20.090371793 -107.238420212 -0.598669297 -0.572052008 0.162205586 -0.536694438
1766070043.818300009 197.071364322 20.198951275 -107.802399094 -0.601619685 -0.567016374 0.159477934 -0.539548863
1766070043.923500061 197.342749898 20.312814291 -108.366290297 -0.604801801 -0.563137578 0.156229100 -0.541002142
1766070044.023900032 197.634121160 20.432246188 -108.922848384 -0.607027961 -0.559250966 0.153001111 -0.543457516
1766070044.123100042 197.928018942 20.551174409 -109.477608464 -0.607419830 -0.555594989 0.148537364 -0.547989061
1766070044.228300095 198.238088847 20.671410914 -110.026727960 -0.608741982 -0.551740938 0.144658050 -0.551442821
1766070044.326400042 198.564421837 20.793133048 -110.573175394 -0.610215636 -0.547639940 0.141884580 -0.554613505
1766070044.431099892 198.897550724 20.914952958 -111.113119531 -0.611177836 -0.543997358 0.139648384 -0.557697818
1766070044.533200026 199.245060406 21.034777601 -111.650338747 -0.612448619 -0.541314326 0.136091561 -0.559789761
1766070044.631299973 199.606844816 21.160957654 -112.184630569 -0.614383549 -0.538944940 0.131348581 -0.561087120
1766070044.734899998 199.979198979 21.284799061 -112.711514349 -0.615674187 -0.535913510 0.127377805 -0.563486380
1766070044.834300041 200.362708441 21.407174714 -113.239844710 -0.617413918 -0.531866285 0.124613030 -0.566029947
1766070044.933000088 200.749954833 21.526141091 -113.758928046 -0.618413344 -0.528511812 0.122097601 -0.568623229
1766070045.034600019 201.159415412 21.647878600 -114.277267716 -0.619225286 -0.526724931 0.120578931 -0.569720645
1766070045.133199930 201.576243354 21.767259784 -114.789184278 -0.620390630 -0.525803048 0.118915179 -0.569654107
1766070045.230200052 202.007683078 21.883000418 -115.296967630 -0.621274927 -0.524193392 0.118375528 -0.570285881
1766070045.333100080 202.454449701 21.998470996 -115.799492988 -0.621815269 -0.523062113 0.117334211 -0.570950507
1766070045.433300018 202.906446631 22.109740472 -116.303460036 -0.622509659 -0.521182335 0.116868915 -0.572007303
1766070045.532900095 203.368704273 22.213197201 -116.801557154 -0.622901835 -0.520356589 0.115020147 -0.572706460
1766070045.629199982 203.846850742 22.313188326 -117.298652327 -0.623566852 -0.518321988 0.113174134 -0.574193620
1766070045.731899977 204.332369625 22.406168416 -117.790777558 -0.623587345 -0.517773623 0.109938619 -0.575293662
1766070045.830100060 204.826506249 22.493277781 -118.284798142 -0.624845476 -0.515223237 0.107226103 -0.576728453
1766070045.928100109 205.332360539 22.574644314 -118.776057158 -0.626002959 -0.512870656 0.103416955 -0.578263710
1766070046.030299902 205.843387264 22.655161787 -119.263447592 -0.626449816 -0.512250594 0.099083022 -0.579087654
1766070046.128799915 206.364230275 22.732299649 -119.750794323 -0.627777441 -0.511099194 0.096699661 -0.579070181
1766070046.225199938 206.888516210 22.805340324 -120.234815848 -0.627923009 -0.509780308 0.095688628 -0.580241691
1766070046.323999882 207.432137608 22.874608802 -120.710250741 -0.627369668 -0.509627794 0.095789387 -0.580957145
1766070046.427000046 207.976980948 22.947571771 -121.181985045 -0.627441655 -0.509742793 0.094449054 -0.580997961
1766070046.523299932 208.547395242 23.006272878 -121.649879090 -0.627251281 -0.509041740 0.094250067 -0.581849862
1766070046.624599934 209.107722717 23.067930904 -122.116680895 -0.627284645 -0.508635388 0.093637227 -0.582268054
1766070046.724800110 209.675254373 23.123970516 -122.581204892 -0.627130019 -0.508529501 0.093809020 -0.582499402
1766070046.820699930 210.241584967 23.187366447 -123.043912576 -0.627604309 -0.508686295 0.094626094 -0.581718993
1766070046.920200109 210.810173420 23.266334311 -123.504006022 -0.628875925 -0.509068258 0.094981445 -0.579950950
1766070047.022799969 211.391360472 23.347734122 -123.947845059 -0.628721261 -0.509767321 0.093110679 -0.579807947
1766070047.122100115 211.977776681 23.416460356 -124.400710592 -0.627052879 -0.510651560 0.090832525 -0.581196287
1766070047.221600056 212.582937705 23.478056181 -124.844202431 -0.626591233 -0.510683870 0.089712645 -0.581839370
1766070047.317399979 213.195703061 23.542274873 -125.287091641 -0.626490046 -0.509600214 0.089098665 -0.582991656
1766070047.419600010 213.798974740 23.602718447 -125.737701080 -0.627725066 -0.506176719 0.089681339 -0.584554213
1766070047.519000053 214.415481138 23.668564842 -126.178319595 -0.627864878 -0.503098028 0.090803976 -0.586883896
1766070047.615600109 215.041570748 23.742176238 -126.609937328 -0.627992069 -0.500373218 0.090973488 -0.589047051
1766070047.714200020 215.673151524 23.812628561 -127.040019260 -0.628291463 -0.497846387 0.091017821 -0.590859179
1766070047.814199924 216.306412002 23.879703220 -127.466709780 -0.629250955 -0.495468015 0.089450516 -0.592075406
1766070047.913500071 216.947980195 23.956638544 -127.889783601 -0.630109907 -0.493948392 0.086232719 -0.592908433
1766070048.014300108 217.589561933 24.030953721 -128.306817315 -0.631484586 -0.490993395 0.083926574 -0.594229782
1766070048.111999989 218.234431673 24.110099407 -128.716858050 -0.632938377 -0.486639462 0.082158321 -0.596507381
1766070048.214799881 218.876127129 24.191941943 -129.120613715 -0.633825778 -0.482611427 0.080946746 -0.598998095
1766070048.313999891 219.525852173 24.286970026 -129.529647610 -0.633561697 -0.479861341 0.079030600 -0.601736515
1766070048.410300016 220.171459950 24.384386081 -129.921257791 -0.632230986 -0.479643199 0.077980919 -0.603444578
1766070048.509999990 220.827164623 24.498602003 -130.315891845 -0.631835808 -0.479953073 0.078130251 -0.603592762
1766070048.612200022 221.489789941 24.602947372 -130.698913942 -0.631751347 -0.479655914 0.077507171 -0.603997582
1766070048.709000111 222.154741877 24.710044377 -131.076284416 -0.632835217 -0.478497737 0.077260958 -0.603813090
1766070048.809499979 222.834267696 24.815647697 -131.445525575 -0.633311743 -0.477535818 0.077138827 -0.604090539
1766070048.913000107 223.502031104 24.923020635 -131.817806546 -0.633802646 -0.476767885 0.075466002 -0.604393474
1766070049.010699987 224.182099934 25.028694456 -132.181443375 -0.634363112 -0.476540857 0.074824830 -0.604064151
1766070049.114300013 224.860081447 25.140974330 -132.548538656 -0.634482502 -0.477297953 0.075356865 -0.603274367
1766070049.214799881 225.539465039 25.247708028 -132.905557540 -0.634696731 -0.478599788 0.076782598 -0.601836136
1766070049.315399885 226.216562283 25.339182495 -133.266924100 -0.634526092 -0.479997591 0.077581186 -0.600799560
1766070049.412400007 226.915487544 25.425922998 -133.618605189 -0.633412747 -0.483005318 0.078705562 -0.599416041
1766070049.515899897 227.610441838 25.506398704 -133.976967557 -0.633693192 -0.484537251 0.079735619 -0.597744779
1766070049.613100052 228.308810947 25.583090505 -134.328350553 -0.632861472 -0.486901647 0.081547317 -0.596458865
1766070049.713599920 229.018726168 25.649191990 -134.680738901 -0.632984336 -0.488619038 0.082601565 -0.594776637
1766070049.818099976 229.730885866 25.712890953 -135.034481920 -0.632250025 -0.491092983 0.083995648 -0.593323115
1766070049.918800116 230.443162223 25.770162735 -135.392555785 -0.631110101 -0.494945002 0.085020453 -0.591186103
1766070050.018399954 231.163115943 25.819850546 -135.742902488 -0.630383041 -0.498700247 0.086380495 -0.588603173
1766070050.120800018 231.886273673 25.862814482 -136.100781957 -0.629489012 -0.501682536 0.087831449 -0.586808192
1766070050.218499899 232.612065845 25.903612595 -136.459457241 -0.629135701 -0.503046875 0.090311162 -0.585641533
1766070050.320199966 233.344498889 25.941930405 -136.817022499 -0.627531859 -0.504742653 0.094407444 -0.585257084
1766070050.424099922 234.072326111 25.977641556 -137.180081063 -0.626127271 -0.504609486 0.100388948 -0.585880505
1766070050.523999929 234.811577564 26.002507511 -137.539320997 -0.624812867 -0.503952459 0.106353579 -0.586796146
1766070050.624300003 235.545515161 26.037594608 -137.897920064 -0.625053324 -0.500202400 0.113618009 -0.588384951
1766070050.724999905 236.278485052 26.066856340 -138.265488269 -0.626258856 -0.495871938 0.119311846 -0.589640187
1766070050.826900005 237.009002523 26.095359003 -138.623139602 -0.626439064 -0.493959022 0.120998419 -0.590709714
1766070050.925199986 237.731464322 26.123364220 -138.978893652 -0.625369055 -0.494080497 0.119837486 -0.591977182
1766070051.029200077 238.458157971 26.154922103 -139.334986347 -0.623836581 -0.497397367 0.117327129 -0.591318970
1766070051.127000093 239.176458796 26.180938694 -139.691802788 -0.622394751 -0.501752204 0.116960803 -0.589228029
1766070051.227400064 239.898534576 26.201201375 -140.041065520 -0.620589951 -0.505908359 0.116585207 -0.587650181
1766070051.332099915 240.621880930 26.218785253 -140.399321576 -0.619715416 -0.508413411 0.117194848 -0.586288303
1766070051.429300070 241.341370259 26.222170078 -140.752764950 -0.619242749 -0.509832211 0.117461643 -0.585501747
1766070051.530699968 242.078269673 26.230013994 -141.102597746 -0.617824835 -0.511442050 0.120286553 -0.585021920
1766070051.631799936 242.795636008 26.245300885 -141.455801564 -0.616638128 -0.513343770 0.124526810 -0.583719682
1766070051.734600067 243.516054544 26.262268568 -141.806135081 -0.617167293 -0.512006368 0.129636482 -0.583222423
1766070051.830899954 244.245750858 26.282034413 -142.165868923 -0.618325636 -0.508124203 0.133327298 -0.584557126
1766070051.932800055 244.949548231 26.302733287 -142.522875448 -0.620884794 -0.502726807 0.132954556 -0.586592631
1766070052.031599998 245.657244241 26.326023102 -142.875574881 -0.621906630 -0.498169769 0.126839326 -0.590737514
1766070052.131000042 246.360149684 26.355463065 -143.235283244 -0.623293886 -0.491359355 0.118185493 -0.596743584
1766070052.229799986 247.077575801 26.387321728 -143.592439917 -0.623700501 -0.484694684 0.110173268 -0.603266607
1766070052.329799891 247.779842343 26.407956496 -143.933120675 -0.624360731 -0.477803052 0.102326295 -0.609431908
1766070052.425199986 248.490103835 26.440579712 -144.283046284 -0.624488663 -0.471954700 0.093894562 -0.615188168
1766070052.526200056 249.201853141 26.474595430 -144.623025246 -0.624080638 -0.467423730 0.087933111 -0.619924336
1766070052.627099991 249.902923924 26.513728854 -144.954291608 -0.624950437 -0.463147521 0.084116014 -0.622780718
1766070052.725399971 250.613509278 26.556813520 -145.279780535 -0.626632860 -0.458419794 0.080968916 -0.625001269
1766070052.823800087 251.321147796 26.593754583 -145.594361776 -0.627497009 -0.454467764 0.077323937 -0.627477142
1766070052.920900106 252.029486419 26.638871806 -145.906234284 -0.628015337 -0.450062732 0.073375203 -0.630599995
1766070053.019900084 252.741660877 26.689026439 -146.209141269 -0.628830752 -0.445149162 0.069607524 -0.633694644
1766070053.119100094 253.450871987 26.746714733 -146.506453795 -0.630442770 -0.439441926 0.065130948 -0.636545888
1766070053.217600107 254.164751265 26.795678603 -146.792802162 -0.631651143 -0.434420707 0.059875123 -0.639304663
1766070053.312999964 254.882602104 26.859363323 -147.072644869 -0.633630615 -0.427726737 0.054357797 -0.642345166
1766070053.414499998 255.600080922 26.911685671 -147.344059209 -0.634484791 -0.419873619 0.048648484 -0.647123264
1766070053.513200045 256.325502795 26.962880704 -147.610473471 -0.635297661 -0.410888813 0.041490950 -0.652568591
1766070053.610500097 257.046820823 27.014247206 -147.863183386 -0.636438857 -0.399554786 0.034096977 -0.658892214
1766070053.707999945 257.772611167 27.047575390 -148.111242123 -0.637101928 -0.387327957 0.026524842 -0.665863815
1766070053.811399937 258.491358364 27.089637471 -148.348634458 -0.637965948 -0.375096807 0.020562950 -0.672219457
1766070053.911700010 259.228533839 27.132529983 -148.570767143 -0.638918445 -0.364579398 0.013221709 -0.677266764
1766070054.012000084 259.956432370 27.160935972 -148.783961015 -0.639180447 -0.355037696 0.005327473 -0.682179014
1766070054.111999989 260.671902570 27.173705899 -148.984114854 -0.638849426 -0.347093001 -0.001239482 -0.686583078
1766070054.212399960 261.405028282 27.201220944 -149.162708969 -0.638806028 -0.340082520 -0.006219184 -0.690095689
1766070054.312700033 262.138303870 27.210571296 -149.324798929 -0.639060439 -0.334980320 -0.010793592 -0.692295774
1766070054.412899971 262.863725115 27.229979451 -149.483056008 -0.640477209 -0.328262808 -0.014795732 -0.694127914
1766070054.510400057 263.594138812 27.244894210 -149.627013393 -0.642174737 -0.320301685 -0.018348943 -0.696190889
1766070054.613399982 264.335035006 27.255710467 -149.747536258 -0.642461593 -0.313033767 -0.023582408 -0.699068547
1766070054.713299990 265.069217095 27.263426309 -149.862816524 -0.642401580 -0.304423049 -0.028960965 -0.702714792
1766070054.813800097 265.809893216 27.269748990 -149.964120803 -0.641461240 -0.296976641 -0.034716094 -0.706489310
1766070054.914799929 266.547849286 27.269101940 -150.048163918 -0.641734865 -0.288014027 -0.039767224 -0.709677992
1766070055.011899948 267.284695768 27.265959619 -150.112922219 -0.643416992 -0.278007218 -0.044759569 -0.711844887
1766070055.115200043 268.019254666 27.263333341 -150.165639965 -0.643819661 -0.269486714 -0.049995223 -0.714404390
1766070055.212500095 268.758717792 27.257080230 -150.194061710 -0.643427079 -0.261712478 -0.055835334 -0.717210281
1766070055.316200018 269.496572220 27.240337107 -150.205509558 -0.643386970 -0.253388222 -0.061542457 -0.719763949
1766070055.413800001 270.235118056 27.229908206 -150.205160300 -0.643177839 -0.245655378 -0.066778824 -0.722160849
1766070055.513799906 270.968261253 27.202994112 -150.180613633 -0.644261462 -0.237119048 -0.071793207 -0.723565796
1766070055.614900112 271.702457079 27.183553054 -150.145501035 -0.644203557 -0.228587042 -0.078114335 -0.725705100
1766070055.714900017 272.428845825 27.154261888 -150.092889134 -0.644474597 -0.218815384 -0.084197633 -0.727793295
1766070055.815000057 273.155826344 27.129970361 -150.033833475 -0.643341641 -0.208604024 -0.089962421 -0.731096886
1766070055.918699980 273.877738917 27.093525354 -149.935542214 0.641253038 0.199660902 0.094665435 0.734825504
1766070056.016299963 274.592835759 27.066537416 -149.831883570 0.641025980 0.189818912 0.097132544 0.737305732
1766070056.119400024 275.309664302 27.035371483 -149.702512010 0.640401845 0.181572039 0.100576922 0.739460178
1766070056.219700098 276.021463518 26.995857482 -149.560739224 0.640876857 0.173945177 0.106137379 0.740104578
1766070056.319600105 276.722218479 26.961444999 -149.407815648 0.640636194 0.167040898 0.112849227 0.740910020
1766070056.416800022 277.423588859 26.915233332 -149.225937981 0.639902296 0.158235802 0.118098159 0.742656924
1766070056.520499945 278.117741026 26.855987610 -149.034367328 0.639467327 0.148825885 0.124427903 0.743942263
1766070056.620899916 278.795111679 26.803676005 -148.830563375 0.638787419 0.139253757 0.129827551 0.745455452
1766070056.720900059 279.479288580 26.748413766 -148.604016312 0.637499371 0.129531050 0.136236992 0.747165136
1766070056.820899963 280.153262303 26.686398654 -148.365641861 0.635670536 0.118758860 0.142967848 0.749252625
1766070056.917200089 280.823461803 26.646343911 -148.102984314 0.633280955 0.108794169 0.149702385 0.751470729
1766070057.020800114 281.478441347 26.575082801 -147.824626934 0.632169451 0.095940343 0.156073654 0.752860047
1766070057.120699883 282.117348712 26.511615837 -147.531832984 0.631077731 0.082543135 0.162822288 0.753933970
1766070057.217700005 282.761352354 26.447927137 -147.221931807 0.628553379 0.069293966 0.171589021 0.755431138
1766070057.317300081 283.384409827 26.364563213 -146.892263687 0.626402749 0.054745852 0.179707675 0.756523389
1766070057.420599937 284.002524697 26.296110386 -146.559974834 0.625091232 0.038870468 0.186731999 0.756889159
1766070057.520900011 284.600089533 26.210322770 -146.195711027 0.622104086 0.026311631 0.195118376 0.757775048
1766070057.617700100 285.195138168 26.130666307 -145.811260331 0.617855029 0.014217638 0.202492356 0.759637984
1766070057.720799923 285.770880733 26.046218940 -145.416603486 0.615349967 0.003212591 0.208245438 0.760242024
1766070057.816800117 286.332201597 25.957031497 -145.003901404 0.614238314 -0.007085943 0.213560530 0.759640035
1766070057.920599937 286.882583407 25.857528171 -144.570484252 0.611499759 -0.015648160 0.220824273 0.759644536
1766070058.017100096 287.423632518 25.775149408 -144.109865853 0.609712426 -0.025644001 0.225715266 0.759371952
1766070058.120199919 287.939924573 25.664039103 -143.642611256 0.610300203 -0.040324594 0.226890781 0.757910392
1766070058.217400074 288.450626347 25.565887753 -143.163360213 0.627544428 -0.067046311 0.213950921 0.745598945
1766070058.320400000 288.941404241 25.468502548 -142.664746510 0.657248877 -0.089205396 0.199396281 0.721323390
1766070058.417200089 289.401475234 25.363683096 -142.186255548 0.689658831 -0.085467537 0.201656156 0.690217930
1766070058.518100023 289.845542079 25.263761852 -141.690715480 0.719888629 -0.068581195 0.212993002 0.657031935
1766070058.618999958 290.279237211 25.169347226 -141.228751185 0.733649927 -0.065000093 0.209433924 0.643171987
1766070058.716099977 290.715011396 25.099754668 -140.762095251 -0.754285044 0.059784647 -0.207278112 -0.620093261
1766070058.818099976 291.129487596 25.048274974 -140.333077699 -0.780024323 0.054561450 -0.205346189 -0.588572889
1766070058.917900085 291.531815351 25.015813402 -139.905212879 -0.799137543 0.055899907 -0.196999399 -0.565195210
1766070059.017800093 291.947426733 25.028609514 -139.507833734 -0.811659504 0.055949706 -0.190353232 -0.549403428
1766070059.117300034 292.327924565 25.033565562 -139.160202125 -0.816467534 0.053385119 -0.185916551 -0.544027418
1766070059.215100050 292.700298665 25.084035244 -138.825880119 -0.819081130 0.047706384 -0.183858610 -0.541318958
1766070059.313800097 293.083207550 25.174945146 -138.511474260 -0.820732434 0.040567514 -0.181786711 -0.540098269
1766070059.416899920 293.450936216 25.283813444 -138.218909716 -0.820657459 0.034705497 -0.175709856 -0.542625940
1766070059.516900063 293.821332935 25.447575094 -137.946668714 -0.819285149 0.029960111 -0.167811555 -0.547460975
1766070059.617100000 294.162746339 25.620010670 -137.686888510 -0.814020422 0.029041973 -0.152749918 -0.559638078
1766070059.713999987 294.518499479 25.829106028 -137.452384227 -0.812473727 0.028712203 -0.139601751 -0.565308238
1766070059.813499928 294.867908227 26.052123792 -137.244501791 -0.822186599 0.014324257 -0.143519775 -0.550641522
1766070059.916300058 295.192575772 26.282790208 -137.059468336 -0.826359187 0.000137843 -0.148503798 -0.543209993
1766070060.013499975 295.527426295 26.519869159 -136.910623004 -0.818864796 -0.006493364 -0.143175731 -0.555804815
1766070060.113500118 295.861667839 26.773380741 -136.782190175 -0.816722318 -0.010883375 -0.138366168 -0.560090181
1766070060.216500044 296.178043531 27.019932765 -136.679398274 -0.819057422 -0.011875748 -0.137567259 -0.556847516
1766070060.316800117 296.509414572 27.270991683 -136.596430467 -0.815474420 -0.010889856 -0.133881169 -0.562990865
1766070060.417299986 296.826601509 27.503576973 -136.554603172 -0.806125160 -0.006351188 -0.129578737 -0.577348456
1766070060.516700029 297.144204191 27.732074690 -136.518678263 -0.796354456 -0.001655226 -0.131017390 -0.590467006
1766070060.616400003 297.442469880 27.939574809 -136.496891534 -0.790540835 0.000546931 -0.137197547 -0.596843131
1766070060.716399908 297.741072927 28.150257955 -136.496755766 -0.796118692 -0.001038652 -0.146089640 -0.587240808
1766070060.812900066 298.031417336 28.349062893 -136.503701963 -0.804208225 -0.004740626 -0.156562215 -0.573336663
1766070060.916500092 298.322908754 28.550449429 -136.538739843 -0.806877979 -0.006013961 -0.162206179 -0.567979678
1766070061.013799906 298.605532003 28.741254535 -136.588116920 -0.804057333 -0.005651907 -0.162524896 -0.571878937
1766070061.117300034 298.887904281 28.932493282 -136.658256736 -0.803955301 -0.012451852 -0.156428667 -0.573612149
1766070061.216700077 299.172400658 29.124365418 -136.736849934 -0.807257754 -0.027373790 -0.142765484 -0.572017142
1766070061.316600084 299.455598955 29.302342089 -136.848833781 -0.808201906 -0.042159505 -0.125248899 -0.573885850
1766070061.414200068 299.724819971 29.464208940 -136.963618378 -0.805198110 -0.056892860 -0.108891603 -0.580139487
1766070061.516400099 300.003065454 29.626186655 -137.104486765 -0.803819275 -0.071494769 -0.095580335 -0.582775661
1766070061.613800049 300.269697829 29.775693431 -137.251346606 -0.806260729 -0.087386758 -0.086606292 -0.578624699
1766070061.717600107 300.533880922 29.922819367 -137.415016703 -0.809196761 -0.100070658 -0.080420563 -0.573340212
1766070061.816600084 300.792068543 30.064129185 -137.591234273 -0.809208385 -0.109746588 -0.073096694 -0.572533274
1766070061.914499998 301.053271429 30.209502831 -137.781590005 -0.808414381 -0.116806005 -0.059994468 -0.573779757
1766070062.014499903 301.305390777 30.334410619 -137.983971798 -0.808193579 -0.123051654 -0.041900268 -0.574391675
1766070062.114099979 301.554538505 30.462020668 -138.205028066 -0.809449017 -0.130700540 -0.026743230 -0.571834291
1766070062.217000008 301.795452014 30.580484023 -138.436874376 -0.809084682 -0.143332317 -0.015524946 -0.569733973
1766070062.316200018 302.023185222 30.694986617 -138.683288925 -0.807610314 -0.155328174 -0.005083642 -0.568869841
1766070062.416800022 302.243887184 30.794653610 -138.944146699 -0.806919519 -0.169865533 0.001258058 -0.565707529
1766070062.513099909 302.467088731 30.898246219 -139.210973238 -0.803685191 -0.184028750 0.008576363 -0.565817973
1766070062.618400097 302.681275894 30.989893353 -139.495911601 -0.798564042 -0.192479310 0.024169117 -0.569792102
1766070062.717299938 302.888457559 31.074952277 -139.790662066 -0.794586338 -0.199018556 0.042051929 -0.572062760
1766070062.816800117 303.084850554 31.148082585 -140.095334745 -0.795973034 -0.209009060 0.056880261 -0.565249306
1766070062.917299986 303.275801936 31.218355610 -140.407409095 -0.796304084 -0.221878825 0.067696419 -0.558647284
1766070063.013200045 303.452292339 31.275343862 -140.728162105 -0.795972184 -0.234400147 0.077618930 -0.552684498
1766070063.116499901 303.618314756 31.323163138 -141.055968046 -0.796314837 -0.246465878 0.085403758 -0.545750354
1766070063.213200092 303.777742008 31.371850506 -141.397970837 -0.794830955 -0.255887149 0.096101836 -0.541784050
1766070063.316499949 303.928863327 31.415131494 -141.749459686 -0.789390089 -0.263872720 0.110092373 -0.543244093
1766070063.417399883 304.067381149 31.447125255 -142.104875623 -0.784595942 -0.269105807 0.118109280 -0.545931745
1766070063.513400078 304.194279120 31.485672517 -142.469026388 -0.783760665 -0.274338892 0.120812627 -0.543931706
1766070063.616699934 304.310950412 31.513451990 -142.836551030 -0.784343199 -0.280690448 0.122858449 -0.539374101
1766070063.717000008 304.431202743 31.559179728 -143.210280696 -0.784920084 -0.286496394 0.125420128 -0.534873881
1766070063.814599991 304.535736868 31.605519572 -143.590619921 -0.784381285 -0.291842362 0.131012826 -0.531422313
1766070063.917099953 304.634468846 31.654602674 -143.975180680 -0.781772413 -0.298478756 0.140337504 -0.529195343
1766070064.013700008 304.718399520 31.702300332 -144.367385922 -0.779932738 -0.306340460 0.151096055 -0.524433437
1766070064.116899967 304.796557382 31.754683415 -144.769921508 -0.777635565 -0.317195393 0.162965545 -0.517795561
1766070064.213900089 304.866357845 31.817730245 -145.176165296 -0.772985080 -0.330514867 0.175095499 -0.512440782
1766070064.313800097 304.922169857 31.879172046 -145.587602546 -0.767623335 -0.346395637 0.186074590 -0.506103473
1766070064.416899920 304.967450748 31.945657966 -146.008813296 -0.760168324 -0.363920551 0.197531261 -0.500686881
1766070064.514300108 305.010997292 32.016449991 -146.432233590 -0.752115533 -0.378033417 0.215755748 -0.494835748
1766070064.617199898 305.042155347 32.085984649 -146.861415995 -0.745418578 -0.391533769 0.236365271 -0.484957638
1766070064.718300104 305.062990164 32.148257638 -147.289132842 -0.737560375 -0.406038154 0.256274745 -0.474827301
1766070064.817899942 305.073212507 32.214495912 -147.732203772 -0.728383863 -0.420618565 0.274526707 -0.466017230
1766070064.917700052 305.066191540 32.272034549 -148.178099789 -0.720573103 -0.434754275 0.287896149 -0.457032745
1766070065.014100075 305.043952093 32.330945352 -148.628739765 -0.713124737 -0.448819752 0.301896673 -0.445951050
1766070065.115900040 305.007936111 32.381389244 -149.077473788 -0.702827803 -0.464010440 0.316961973 -0.436190898
1766070065.214499950 304.957420548 32.437660522 -149.536397399 -0.689767960 -0.479347113 0.337720405 -0.424725128
1766070065.317600012 304.885410622 32.480118416 -149.991616186 -0.674080775 -0.496223519 0.358481358 -0.413362363
1766070065.416500092 304.801772372 32.523247770 -150.453969538 -0.657516979 -0.513745412 0.379520264 -0.399626630
1766070065.513999939 304.700072483 32.560679625 -150.913744227 -0.641067232 -0.531667793 0.398964186 -0.383653151
1766070065.614300013 304.583173064 32.600580963 -151.378820902 -0.623749524 -0.550248735 0.413952587 -0.369873109
1766070065.717499971 304.455196316 32.632882551 -151.846602981 -0.610255758 -0.567474632 0.426452009 -0.351708879
1766070065.816999912 304.305442296 32.658039212 -152.313972108 -0.596278668 -0.579878485 0.443526334 -0.333881840
1766070065.917299986 304.139612537 32.672819185 -152.778898522 -0.580497534 -0.590917149 0.460163824 -0.319513368
1766070066.016999960 303.953843551 32.687470938 -153.251706196 -0.566919959 -0.601161496 0.472509407 -0.306498738
1766070066.117300034 303.751603850 32.703758247 -153.714998092 -0.554640354 -0.610540692 0.484204318 -0.291822410
1766070066.216799974 303.531215032 32.714177863 -154.169853990 -0.541028470 -0.618581390 0.498481995 -0.275972750
1766070066.316800117 303.288663323 32.727603538 -154.626511033 -0.522775202 -0.627293652 0.514573894 -0.261576894
1766070066.413300037 303.024569526 32.736337417 -155.074707434 -0.503564222 -0.637677424 0.527026141 -0.249066306
1766070066.516999960 302.739177321 32.748965625 -155.517345791 -0.478621830 -0.651310468 0.537028106 -0.241488367
1766070066.616400003 302.426306601 32.750239864 -155.951624173 -0.448574891 -0.666582192 0.547198898 -0.234567932
1766070066.713299990 302.102986619 32.752941420 -156.377887628 -0.429882665 -0.673533827 0.564892856 -0.206031889
1766070066.812900066 301.772459065 32.747312146 -156.800226697 -0.409039437 -0.680523485 0.580925747 -0.179164177
1766070066.916399956 301.408492683 32.732366166 -157.205378708 -0.383448355 -0.692524181 0.588974972 -0.162745507
1766070067.014600039 301.031128145 32.704438852 -157.600066038 -0.354879273 -0.706783257 0.593379555 -0.149729201
1766070067.112799883 300.644749762 32.675686283 -157.983523941 -0.326972716 -0.718589230 0.598965215 -0.134011314
1766070067.212100029 300.243438292 32.635975223 -158.359617409 -0.300361453 -0.730341793 0.602014038 -0.118164977
1766070067.316800117 299.840775630 32.588262957 -158.730337834 -0.277598863 -0.736866701 0.608614071 -0.097750952
1766070067.416300058 299.426484178 32.542187955 -159.082391564 -0.253776235 -0.740609971 0.617571428 -0.075498507
1766070067.513099909 298.992892382 32.498606109 -159.439760607 -0.227212064 -0.744205163 0.625971093 -0.051899365
1766070067.615499973 298.557358250 32.444620305 -159.771766037 -0.197948583 -0.747324901 0.633760465 -0.025875139
1766070067.715399981 298.114694457 32.379479477 -160.091734721 -0.166169005 -0.748731485 0.641707405 0.000794676
1766070067.815200090 297.665231418 32.305960733 -160.397645112 -0.135855252 -0.748982292 0.647846589 0.029388331
1766070067.915400028 297.201746525 32.232163014 -160.693705259 -0.105394435 -0.752199237 0.648013692 0.056272347
1766070068.011699915 296.727559195 32.151542229 -160.964976308 -0.079445945 -0.757557164 0.642654870 0.082402691
1766070068.115299940 296.249007288 32.066200647 -161.228491056 -0.059091362 -0.763887415 0.634521755 0.101815369
1766070068.214600086 295.757335172 31.980045893 -161.471418933 -0.037889854 -0.769221942 0.626813157 0.118183028
1766070068.315000057 295.260322046 31.890384462 -161.717186346 -0.017539622 -0.769185878 0.624077890 0.136279983
1766070068.412199974 294.765095645 31.791230240 -161.951619603 0.003918676 -0.761528145 0.629138604 0.155705314
1766070068.514600039 294.250200555 31.705576910 -162.174401411 0.027006399 -0.745941185 0.641271551 0.177801012
1766070068.614900112 293.739950652 31.601717550 -162.375477699 0.054035644 -0.732021024 0.648158456 0.202770772
1766070068.714499950 293.220197258 31.501796306 -162.567880385 0.082612268 -0.722766884 0.646979802 0.228474025
1766070068.815200090 292.699156400 31.389454250 -162.734711124 0.103586418 -0.716392450 0.642669351 0.251053413
1766070068.915100098 292.157702111 31.279556328 -162.896389858 0.111410879 -0.713985661 0.638388289 0.265089578
1766070069.012399912 291.613305201 31.167088463 -163.034448500 0.117831300 -0.710806457 0.637931260 0.271870693
1766070069.112499952 291.059776078 31.061213735 -163.141008445 0.130692026 -0.703742101 0.642244712 0.274204995
1766070069.213299990 290.505134912 30.953174635 -163.248231608 0.140744444 -0.696628744 0.648277608 0.273195054
1766070069.315099955 289.943301379 30.849767007 -163.323789188 0.144928401 -0.695703153 0.648918471 0.271841312
1766070069.413199902 289.385195979 30.736131222 -163.386396800 0.147193800 -0.695272155 0.648700043 0.272247811
1766070069.513099909 288.827917805 30.625557490 -163.436638244 0.149480391 -0.695377488 0.647259534 0.274154805
1766070069.616800070 288.272822597 30.513433901 -163.459690074 0.154094869 -0.695369698 0.645556053 0.275632250
1766070069.717000008 287.710958586 30.406798444 -163.473269385 0.158690070 -0.696023936 0.644252217 0.274421616
1766070069.816699982 287.153732536 30.290142408 -163.477010683 0.162724292 -0.697025091 0.643543697 0.271161090
1766070069.913899899 286.592620369 30.186743818 -163.461063159 0.168263040 -0.700288204 0.641161513 0.264945080
1766070070.017499924 286.039262117 30.086772764 -163.432073090 0.174734849 -0.704219623 0.639146963 0.255016891
1766070070.117199898 285.487726289 29.987384460 -163.401722477 0.178133149 -0.706796604 0.638106336 0.248047264
1766070070.217299938 284.942214210 29.901198872 -163.357757912 0.175262869 -0.706514099 0.639175167 0.248144836
1766070070.314699888 284.408223012 29.817784819 -163.315070690 0.172056671 -0.705702429 0.640384616 0.249575896
1766070070.414400101 283.878284185 29.739164071 -163.267901501 0.170630921 -0.706801688 0.639854075 0.248803589
1766070070.517800093 283.345041272 29.671385256 -163.210722571 0.170982904 -0.707719421 0.639405831 0.247099679
1766070070.617500067 282.830546859 29.598560403 -163.150089059 0.171116477 -0.708595075 0.638978121 0.245599536
1766070070.718499899 282.312193071 29.534934803 -163.081177052 0.170941213 -0.708173463 0.639540580 0.245473611
1766070070.817899942 281.808123703 29.476091675 -163.011092368 0.169717647 -0.708427719 0.639338566 0.246114376
1766070070.915899992 281.298362603 29.426056924 -162.923306673 0.166509851 -0.708888175 0.639600139 0.246299994
1766070071.017999887 280.807475233 29.370213781 -162.845524619 0.165576194 -0.709006834 0.640293608 0.244781390
1766070071.118400097 280.304918419 29.324170815 -162.762863430 0.166126186 -0.709520528 0.639585262 0.244772145
1766070071.215699911 279.806088419 29.283351306 -162.668561543 0.171343320 -0.710599917 0.637982708 0.242213315
1766070071.318399906 279.311025459 29.249752807 -162.573755375 0.182732438 -0.712632311 0.635489766 0.234343345
1766070071.418800116 278.824475349 29.217546003 -162.474010784 0.187737263 -0.713544181 0.633712068 0.232418667
1766070071.518899918 278.348618461 29.184755307 -162.382697422 0.190912171 -0.712835194 0.633521856 0.232526529
1766070071.618000031 277.875289538 29.160411262 -162.276524089 0.198251911 -0.714339953 0.631049959 0.228452536
1766070071.718199968 277.411467482 29.132606999 -162.188469615 0.206771618 -0.715562779 0.629076330 0.222437358
1766070071.818500042 276.943397709 29.120157577 -162.088819969 0.213029552 -0.717385542 0.626654504 0.217440856
1766070071.918299913 276.498572685 29.105247127 -162.000463466 0.218031090 -0.718149699 0.625621326 0.212888256
1766070072.018100023 276.048389580 29.109792998 -161.900538291 0.217714276 -0.714637646 0.629088199 0.214805881
1766070072.116400003 275.615848154 29.112700117 -161.818277894 0.215336373 -0.706513665 0.637390886 0.219548505
1766070072.217000008 275.193103935 29.122683590 -161.731420092 0.221077035 -0.703796271 0.640068518 0.214727844
1766070072.319200039 274.769804689 29.137484132 -161.640333291 0.227765204 -0.708566436 0.634749837 0.207724005
1766070072.418499947 274.355316753 29.162563161 -161.553440237 0.228317883 -0.710408271 0.632804214 0.206760393
1766070072.515000105 273.956645656 29.196353101 -161.470034699 0.223820436 -0.708812664 0.634409817 0.212163154
1766070072.618200064 273.574355541 29.232469744 -161.396107906 0.220519575 -0.707061399 0.636110431 0.216330335
1766070072.718100071 273.183670991 29.275647693 -161.310997404 0.219619750 -0.703019908 0.640315807 0.218004222
1766070072.815399885 272.798902753 29.327493999 -161.224246973 0.218949855 -0.697992214 0.645739323 0.218834545
1766070072.917999983 272.420500540 29.382212420 -161.139126127 0.218167625 -0.695326081 0.648281450 0.220580347
1766070073.018300056 272.053147739 29.428799178 -161.053493526 0.220178813 -0.691803386 0.650666699 0.222625722
1766070073.118299961 271.685919430 29.477788725 -160.965315960 0.227263455 -0.679857946 0.657883066 0.230942343
1766070073.214900017 271.322869701 29.519613022 -160.874211796 0.243072529 -0.668086282 0.658834858 0.245994097
1766070073.317899942 270.977580735 29.556644569 -160.783839788 0.266304482 -0.663406278 0.645421228 0.269082650
1766070073.418100119 270.634318780 29.595931048 -160.687395422 0.297428359 -0.656637556 0.625566901 0.298378189
1766070073.518199921 270.296592899 29.629104227 -160.588209699 0.330538461 -0.641143530 0.606442712 0.334524344
1766070073.618499994 269.958151886 29.664520867 -160.493049883 0.361124894 -0.614680157 0.595274202 0.370682803
1766070073.717900038 269.629427654 29.702522429 -160.390552799 0.390114073 -0.579328732 0.591588974 0.402755156
1766070073.818500042 269.300377619 29.745065682 -160.283502318 0.422520692 -0.544217825 0.584898546 0.428015087
1766070073.915600061 268.978857997 29.783688471 -160.157973743 0.454638595 -0.512890050 0.571406002 0.451378693
1766070074.018399954 268.673928052 29.821061578 -160.032933707 0.481222937 -0.481375045 0.554528941 0.478748583
1766070074.116400003 268.367455589 29.864366005 -159.884907544 0.502020728 -0.449807993 0.535806538 0.508487277
1766070074.214499950 268.077759703 29.893571511 -159.736886954 0.523917394 -0.419649669 0.511910915 0.536052176
1766070074.317399979 267.799600273 29.927552976 -159.579326313 0.543939655 -0.385568130 0.492842930 0.559082029
1766070074.417500019 267.533851482 29.968787327 -159.406670026 0.562822752 -0.345630997 0.478620292 0.578526040
1766070074.517199993 267.285295871 30.004372354 -159.220809432 0.582752185 -0.306267601 0.458721172 0.596803932
1766070074.614300013 267.055624310 30.041868901 -159.024931798 0.602689252 -0.270938965 0.433227500 0.612920612
1766070074.717799902 266.836675588 30.078856768 -158.817117926 0.615532480 -0.242941432 0.412098638 0.626317762
1766070074.817800045 266.647175818 30.121339434 -158.593006984 0.622380076 -0.222596204 0.401502168 0.633947931
1766070074.916399956 266.462173224 30.144374520 -158.371890948 0.631715378 -0.206234068 0.390479066 0.637125803
1766070075.014100075 266.305127790 30.187923228 -158.130602171 0.629379372 -0.190043074 0.395888538 0.641122064
1766070075.117700100 266.162515276 30.237746075 -157.879382864 0.625664030 -0.178630065 0.401544739 0.644513495
1766070075.217299938 266.047105523 30.288356195 -157.624027352 0.627260426 -0.177585967 0.399546970 0.644491894
1766070075.318000078 265.950621571 30.342044200 -157.359357134 0.632267105 -0.182961568 0.392505963 0.642419210
1766070075.414700031 265.868227959 30.388671433 -157.083833716 0.640055873 -0.182679178 0.392077129 0.635005766
1766070075.517699957 265.803573841 30.445358291 -156.804241294 0.649233480 -0.173344354 0.401810671 0.622089872
1766070075.617500067 265.761048636 30.493287357 -156.527510727 0.659210426 -0.163146042 0.413447182 0.606536405
1766070075.717700005 265.745801733 30.532954265 -156.244434770 0.662110728 -0.163574073 0.417423640 0.600508461
1766070075.815900087 265.764356956 30.573978853 -155.965691502 0.656217465 -0.170651739 0.418580949 0.604190873
1766070075.914900064 265.797428829 30.613468680 -155.683603180 0.651775085 -0.177411564 0.417936501 0.607489470
1766070076.018199921 265.852316343 30.649172596 -155.403050603 0.650350938 -0.179428719 0.419047103 0.607658224
1766070076.118700027 265.918016728 30.689941241 -155.113944496 0.649895721 -0.180082308 0.419631407 0.607548679
1766070076.215100050 266.009050180 30.721833886 -154.833774718 0.650585990 -0.179723076 0.422395919 0.604995185
1766070076.317600012 266.110656867 30.762219951 -154.538565795 0.650589170 -0.179553024 0.424371603 0.603658170
1766070076.417700052 266.226808030 30.787741981 -154.246327974 0.651205845 -0.178913951 0.427020252 0.601310610
1766070076.514800072 266.357203326 30.813066561 -153.954908416 0.652612905 -0.178194515 0.430506023 0.597501193
1766070076.618099928 266.509895299 30.836958596 -153.663838048 0.655302459 -0.175767249 0.430647808 0.595169747
1766070076.717600107 266.680476982 30.857639828 -153.369135086 0.659993160 -0.170165341 0.430206637 0.591924856
1766070076.818000078 266.862030076 30.867054081 -153.071442645 0.659818569 -0.166540428 0.431630011 0.592114242
1766070076.914799929 267.070809569 30.884523683 -152.780104561 0.655550366 -0.171056220 0.431376720 0.595741231
1766070077.015100002 267.289904732 30.885387806 -152.483871289 0.644931867 -0.183439113 0.424400931 0.608520196
1766070077.114900112 267.523054148 30.875383719 -152.191728217 0.633180698 -0.201948172 0.410857334 0.624095658
1766070077.214299917 267.759470818 30.892318970 -151.889230233 0.623097705 -0.212232108 0.401201820 0.636980283
1766070077.318000078 267.993887842 30.872099275 -151.583629114 0.616588090 -0.203072216 0.408059829 0.641925212
1766070077.413899899 268.233555162 30.870254277 -151.271319545 0.611741119 -0.190571890 0.416703738 0.644835757
1766070077.517800093 268.476114596 30.851169360 -150.950198633 0.605506036 -0.184503916 0.417952393 0.651641421
1766070077.618299961 268.714604378 30.844715872 -150.613067226 0.596952902 -0.180318793 0.417797214 0.660740384
1766070077.717499971 268.965566795 30.850600579 -150.265591520 0.590367503 -0.179490442 0.415985949 0.667985840
1766070077.817600012 269.210102057 30.842496323 -149.898962848 0.587457541 -0.177473983 0.412935883 0.672964025
1766070077.919399977 269.462863970 30.837541698 -149.525496146 0.575025988 -0.178242246 0.407793042 0.686498106
1766070078.016299963 269.710179218 30.834838261 -149.127523912 0.570187704 -0.175542734 0.404394545 0.693206883
1766070078.116600037 269.952961624 30.839663171 -148.723895648 0.567054641 -0.170407034 0.402945050 0.697886640
1766070078.218800068 270.196287710 30.842349079 -148.299885912 0.563997305 -0.160994015 0.402230995 0.702992314
1766070078.317500114 270.440301821 30.852639832 -147.856170104 0.568346513 -0.151239354 0.400028652 0.702912496
1766070078.417000055 270.683076910 30.863229773 -147.397650414 0.574549271 -0.140934021 0.397211489 0.701607989
1766070078.517299891 270.925301283 30.880573852 -146.918633628 0.583463840 -0.133604915 0.392176092 0.698510978
1766070078.620500088 271.172395509 30.901149242 -146.423900994 0.590186942 -0.130686905 0.387455615 0.696044864
1766070078.720700026 271.432262372 30.910323519 -145.922338860 0.590766567 -0.131425940 0.385225992 0.696651291
1766070078.820600033 271.692271177 30.915208568 -145.402982931 0.589541331 -0.134092329 0.382040195 0.698931724
1766070078.920399904 271.957462684 30.905496717 -144.878641011 0.589499212 -0.141131539 0.380797528 0.698259128
1766070079.020400047 272.227768430 30.880775686 -144.341806946 0.589642673 -0.147175187 0.381054996 0.696748213
1766070079.115999937 272.501991231 30.844192669 -143.791666141 0.590614443 -0.152646673 0.380916941 0.694820737
1766070079.219700098 272.779893226 30.799943083 -143.237607177 0.597418814 -0.167129036 0.376192587 0.688213472
1766070079.319000006 273.056012394 30.734624115 -142.677801408 0.599320737 -0.183687357 0.373883210 0.683582441
1766070079.418600082 273.326428569 30.645245968 -142.117635102 0.593544367 -0.192199873 0.378414591 0.683788484
1766070079.517899990 273.597116348 30.547675839 -141.557558469 0.587652902 -0.199286944 0.382301766 0.684685432
1766070079.617799997 273.856507095 30.449815543 -140.984535105 0.585096798 -0.206233226 0.383309007 0.684254191
1766070079.717700005 274.112408505 30.339134730 -140.408493656 0.582968009 -0.211064934 0.384411645 0.683979226
1766070079.817800045 274.362828074 30.227856291 -139.838232250 0.582034202 -0.215109150 0.385321470 0.683001907
1766070079.914400101 274.606679131 30.112598134 -139.260248051 0.580091554 -0.221215005 0.386540785 0.682014613
1766070080.017400026 274.838136921 29.982376983 -138.676261750 0.577380994 -0.227706790 0.388282942 0.681188052
1766070080.118499994 275.061035538 29.854687677 -138.092651632 0.572730005 -0.233443940 0.391639032 0.681251156
1766070080.214200020 275.278056677 29.727800624 -137.502478249 0.569262691 -0.238009126 0.394390189 0.680990472
1766070080.317199945 275.489300064 29.604219114 -136.909514069 0.567783226 -0.241952128 0.395134552 0.680404337
1766070080.414799929 275.680655742 29.474737031 -136.306674109 0.567325115 -0.245107930 0.394296085 0.680143304
1766070080.517600060 275.868250190 29.335691743 -135.710651221 0.567082533 -0.247246083 0.394823354 0.679265261
1766070080.616300106 276.045399468 29.197804260 -135.107889943 0.566574189 -0.247850561 0.395201320 0.679249368
1766070080.717799902 276.211669563 29.060375056 -134.502466149 0.565107043 -0.247711803 0.395736582 0.680209857
1766070080.813899994 276.370239193 28.920888155 -133.893673888 0.566156221 -0.248235323 0.396348754 0.678788644
1766070080.914900064 276.518236001 28.776953636 -133.277764485 0.567063326 -0.252430490 0.395787191 0.676809081
1766070081.014199972 276.663034232 28.639530087 -132.661470063 0.562565853 -0.263905955 0.398703877 0.674469070
1766070081.114000082 276.799842026 28.490842426 -132.043054222 0.554241486 -0.280045199 0.406361459 0.670269668
1766070081.217200041 276.920465579 28.340724407 -131.417172623 0.542588789 -0.299298344 0.415051745 0.666145597
1766070081.317399979 277.032309385 28.186037716 -130.795910009 0.530997634 -0.318820836 0.424842985 0.660229676
1766070081.414099932 277.132123141 28.026864915 -130.172775306 0.518990404 -0.337603686 0.434551631 0.654092953
1766070081.513999939 277.214051994 27.868966576 -129.542985957 0.505693218 -0.357472512 0.444130269 0.647484422
1766070081.614300013 277.287514931 27.712797259 -128.912412065 0.492646643 -0.377696069 0.454842327 0.638563561
1766070081.714099884 277.337379415 27.552383065 -128.289458725 0.477887540 -0.398212961 0.464506572 0.630304356
1766070081.817300081 277.375333251 27.393361785 -127.660875470 0.463561431 -0.416994866 0.474726227 0.621177182
1766070081.914700031 277.390791082 27.233197663 -127.037002523 0.450421540 -0.431547802 0.483279082 0.614270510
1766070082.014800072 277.386582420 27.068001895 -126.409573540 0.437885094 -0.446425334 0.488213046 0.608776714
1766070082.114799976 277.371201997 26.910159315 -125.783321449 0.426404109 -0.459747698 0.489268946 0.606157974
1766070082.218400002 277.332846860 26.761242938 -125.159600451 0.418248941 -0.472903604 0.485628182 0.604644750
1766070082.319099903 277.275642640 26.630054067 -124.538063935 0.411540475 -0.485426447 0.481021342 0.603004204
1766070082.414700031 277.193818470 26.509780115 -123.919111043 0.409056634 -0.494464020 0.478066110 0.599692252
1766070082.518500090 277.094997736 26.397244984 -123.300252253 0.408675888 -0.499732680 0.479734726 0.594227112
1766070082.614200115 276.967282910 26.298503408 -122.684510894 0.405156598 -0.502690215 0.483883094 0.590768847
1766070082.717200041 276.824532569 26.200788593 -122.072373943 0.401449348 -0.504613290 0.488109245 0.588177875
1766070082.814300060 276.665911369 26.111968516 -121.467363272 0.400675308 -0.506332077 0.488948888 0.586528866
1766070082.914499998 276.490119241 26.036953564 -120.862708921 0.400678253 -0.508724587 0.487264515 0.585857939
1766070083.017400026 276.287683038 25.981844154 -120.250429750 0.400212220 -0.509119291 0.488347040 0.584931530
1766070083.117599964 276.080134900 25.933075671 -119.650398837 0.397910239 -0.511295362 0.492547633 0.581069121
1766070083.217499971 275.846556732 25.902000623 -119.040758184 0.392650853 -0.521271014 0.499821502 0.569456148
1766070083.314300060 275.593544118 25.863329416 -118.438322437 0.387477959 -0.535681805 0.509321977 0.550905581
1766070083.418800116 275.320835819 25.829563475 -117.834934355 0.385023449 -0.554399657 0.522443187 0.521009674
1766070083.516999960 275.040980211 25.781428794 -117.250234817 0.368568599 -0.575844357 0.535259843 0.496041696
1766070083.617199898 274.747840555 25.741957438 -116.659575630 0.340694404 -0.600753934 0.545727560 0.474556070
1766070083.714499950 274.433286928 25.691230278 -116.089883248 0.309560866 -0.627757845 0.553339652 0.451561056
1766070083.813800097 274.106483381 25.642127793 -115.533603562 0.281402720 -0.652316542 0.561065822 0.424853836
1766070083.917399883 273.764339847 25.602658271 -114.987877651 0.250600297 -0.673921575 0.569356542 0.398575375
1766070084.019500017 273.407317624 25.567440480 -114.462602176 0.219646896 -0.694210148 0.575906776 0.371697318
1766070084.114399910 273.038134318 25.527186960 -113.960847328 0.192469731 -0.712389101 0.581513972 0.342488938
1766070084.214799881 272.651318870 25.493945430 -113.476798992 0.173616942 -0.726437814 0.588391304 0.309743334
1766070084.318900108 272.247196416 25.480476662 -113.015808094 0.154640716 -0.735336185 0.595081077 0.285035886
1766070084.415800095 271.838256711 25.457070947 -112.589397771 0.144212866 -0.726718041 0.617938837 0.263125694
1766070084.514199972 271.419070725 25.449747159 -112.166724402 0.142095423 -0.712234563 0.640368740 0.249917379
1766070084.615700006 271.003815267 25.439744390 -111.761767781 0.137591797 -0.712694635 0.643608296 0.242699848
1766070084.718499899 270.574001343 25.442184624 -111.368224092 0.131050253 -0.715849413 0.643370961 0.237611565
1766070084.817399979 270.145793082 25.450309585 -110.984362839 0.122943445 -0.718212451 0.643879633 0.233398378
1766070084.913800001 269.711116873 25.469768664 -110.610416638 0.109338066 -0.716772603 0.646926693 0.236152655
1766070085.015000105 269.273566372 25.498747389 -110.239820823 0.091613864 -0.710030682 0.651716478 0.250457508
1766070085.118099928 268.823675182 25.544302384 -109.885868180 0.084569166 -0.687093042 0.671772504 0.263577142
1766070085.217099905 268.366033291 25.576777988 -109.539164276 0.079784746 -0.651391291 0.702362458 0.275700485
1766070085.317300081 267.898503924 25.610308305 -109.170549287 0.075692896 -0.624594334 0.724837004 0.280648927
1766070085.414400101 267.420822883 25.635495163 -108.792816481 0.069801487 -0.616285055 0.731964136 0.282044300
1766070085.515899897 266.936076748 25.654421229 -108.397510873 0.057435918 -0.626230856 0.723413202 0.284972576
1766070085.615099907 266.440676027 25.666377495 -107.984215672 0.036907094 -0.648768646 0.700896881 0.294075963
1766070085.719000101 265.925289678 25.679041692 -107.568200099 0.022754283 -0.657643411 0.689837054 0.301848016
1766070085.820300102 265.390145613 25.677957035 -107.147388506 0.014353548 -0.648566694 0.696183601 0.307381868
1766070085.920300007 264.830101400 25.685592512 -106.722880740 0.013053720 -0.642512757 0.702004034 0.306915777
1766070086.020299911 264.250620983 25.682545778 -106.286380601 0.027561288 -0.645943521 0.703009568 0.296268273
1766070086.120899916 263.656069338 25.661174022 -105.843073076 0.068214216 -0.666968690 0.691352313 0.269316850
1766070086.219899893 263.057234548 25.610805556 -105.409093145 0.110342014 -0.677635311 0.680954469 0.254825503
1766070086.316200018 262.461250529 25.564019567 -104.969554968 0.134641974 -0.658523371 0.692070034 0.263168342
1766070086.417999983 261.826027193 25.552145698 -104.739474230 0.162416269 -0.649731274 0.686195268 0.283912456
1766070086.514800072 261.233456330 25.440268639 -104.272193111 0.173066153 -0.640615581 0.687121908 0.295843316
1766070086.619699955 260.642281063 25.310832461 -103.796760349 0.175416802 -0.637305332 0.683757573 0.309105874
1766070086.714799881 260.060472394 25.166638655 -103.317492556 0.175193838 -0.633137744 0.681183656 0.323160242
1766070086.819299936 259.488500912 24.998708060 -102.827570565 0.175250933 -0.627996230 0.681654508 0.332046648
1766070086.918699980 258.917147441 24.822064214 -102.336203611 0.168022810 -0.625186181 0.679739497 0.344767735
1766070087.015300035 258.350007063 24.626725986 -101.828578321 0.162031466 -0.620642324 0.678812065 0.357439632
1766070087.116100073 257.774536439 24.410683301 -101.317105792 0.166907056 -0.611804394 0.682706236 0.362973295
1766070087.219899893 257.200280290 24.186832269 -100.787941551 0.173928148 -0.610598015 0.681333486 0.364285252
1766070087.318799973 256.632820274 23.935132205 -100.242011811 0.169644621 -0.625354688 0.666350518 0.368956913
1766070087.419300079 256.059278071 23.686046151 -99.690368939 0.159362612 -0.639118787 0.654071231 0.371916064
1766070087.519000053 255.475592123 23.420349471 -99.143135931 0.151526133 -0.648626390 0.645522987 0.373662563
1766070087.618599892 254.893355075 23.137292362 -98.588063690 0.150485285 -0.653288015 0.642862636 0.370535529
1766070087.721100092 254.305116971 22.863553710 -98.034813267 0.151128017 -0.655195192 0.642600547 0.367347411
1766070087.820600033 253.711427145 22.587912017 -97.489044549 0.150481698 -0.655163667 0.642824876 0.367276471
1766070087.916899920 253.106202825 22.305293071 -96.944196106 0.150133566 -0.655480270 0.642589595 0.367265763
1766070088.016599894 252.491184424 22.028536787 -96.398303747 0.149988909 -0.655609865 0.642511298 0.367230533
1766070088.120399952 251.867229266 21.749402209 -95.857288021 0.149597668 -0.655817815 0.642972789 0.366209671
1766070088.217299938 251.250756282 21.482150407 -95.303306173 0.149943366 -0.657560931 0.643126265 0.362655781
1766070088.319799900 250.629188475 21.227124492 -94.747910546 0.154014112 -0.663848574 0.639641788 0.355588396
1766070088.416699886 250.013411056 20.987189292 -94.201136491 0.156887820 -0.672355332 0.633464690 0.349352267
1766070088.517800093 249.396433782 20.755988848 -93.665517684 0.157105821 -0.678400292 0.627974548 0.347474849
1766070088.616699934 248.780298454 20.542413715 -93.128531235 0.159790073 -0.680255582 0.626777258 0.344774918
1766070088.720799923 248.153063292 20.330875879 -92.610733008 0.163305121 -0.680641847 0.626771881 0.342366941
1766070088.815900087 247.530522897 20.144001507 -92.089490794 0.163714940 -0.681530188 0.625187145 0.343300239
1766070088.920399904 246.900760681 19.979367406 -91.569515284 0.160044158 -0.683669092 0.621118003 0.348130531
1766070089.016000032 246.272131151 19.824452840 -91.054903377 0.158623141 -0.685635487 0.617872269 0.350680107
1766070089.119499922 245.636269403 19.686373092 -90.536674551 0.160244103 -0.684889229 0.618260063 0.350717929
1766070089.217999935 244.998203180 19.579003508 -90.031701396 0.164940646 -0.684405872 0.618538800 0.348988450
1766070089.315599918 244.357332563 19.504320785 -89.528484837 0.170475558 -0.684149378 0.618089260 0.347625344
1766070089.416199923 243.711417078 19.458747442 -89.023822440 0.174899124 -0.682200836 0.619144969 0.347378501
1766070089.518899918 243.065384374 19.439130006 -88.522777186 0.179060764 -0.681033788 0.617951110 0.349666482
1766070089.618499994 242.432956149 19.435944231 -88.018481313 0.180903052 -0.681209621 0.614383427 0.354627330
1766070089.718600035 241.793636051 19.463975410 -87.519969484 0.180216954 -0.683416691 0.607771119 0.362046603
1766070089.818399906 241.148528832 19.501933668 -87.022872824 0.181046535 -0.687319234 0.599601925 0.367820546
1766070089.919100046 240.498810559 19.550447158 -86.532021245 0.184023088 -0.689877608 0.593879069 0.370826161
1766070090.019200087 239.844335517 19.608838547 -86.050798443 0.187352474 -0.691174457 0.588635303 0.375080525
1766070090.119100094 239.179119081 19.665852480 -85.575441000 0.189114008 -0.691530908 0.585159550 0.378958039
1766070090.219099998 238.516017932 19.702793217 -85.113639817 0.191063478 -0.690376148 0.583636480 0.382418593
1766070090.318599939 237.847109747 19.733121880 -84.659084023 0.192859274 -0.686354993 0.584929087 0.386755850
1766070090.415299892 237.166671268 19.752024080 -84.215301340 0.190077057 -0.682492581 0.584984112 0.394801442
1766070090.516000032 236.482324847 19.756890745 -83.766657980 0.184993500 -0.681286982 0.583095761 0.402025854
1766070090.615900040 235.781506273 19.746249244 -83.332687456 0.185847323 -0.679694290 0.582040167 0.405839486
1766070090.719500065 235.067330036 19.711498666 -82.896263707 0.191303414 -0.676422949 0.583977878 0.405986251
1766070090.820199966 234.348012527 19.640924811 -82.472282301 0.198048177 -0.673731292 0.585890356 0.404469476
1766070090.920200109 233.614250358 19.547796930 -82.051047141 0.202164286 -0.670702911 0.586986812 0.405873982
1766070091.016299963 232.865808012 19.430795027 -81.633144453 0.204158566 -0.668463430 0.587834853 0.407340286
1766070091.116100073 232.107035105 19.291681804 -81.227896874 0.204973332 -0.666901132 0.587901987 0.409389871
1766070091.216500044 231.346767808 19.131067422 -80.827590981 0.205541468 -0.665739483 0.586777845 0.412595936
1766070091.320100069 230.596405384 18.972063210 -80.422842858 0.216398418 -0.657002826 0.597359219 0.405809038
1766070091.416300058 229.843921604 18.785536826 -80.020550747 0.225370294 -0.644459766 0.611403820 0.400081504
1766070091.518199921 229.094396876 18.590810276 -79.619314011 0.220018278 -0.635094416 0.618339948 0.407311612
1766070091.616300106 228.348460283 18.379098962 -79.214969472 0.211345853 -0.628353570 0.621543057 0.417359498
1766070091.716300011 227.607219417 18.172064293 -78.803744034 0.206490494 -0.622927330 0.623612806 0.424770863
1766070091.819900036 226.856514483 17.956755126 -78.373285562 0.206351562 -0.621710703 0.623291105 0.427086680
1766070091.916599989 226.102419067 17.739290329 -77.933175538 0.208124788 -0.623478285 0.620196332 0.428153490
1766070092.019399881 225.354137304 17.514489863 -77.485967857 0.208073444 -0.625392389 0.616499681 0.430717940
1766070092.116600037 224.618745069 17.309195745 -77.035624101 0.205553187 -0.624916274 0.613578716 0.436747865
1766070092.219599962 223.874877223 17.112774036 -76.578783877 0.205560401 -0.624466942 0.610814141 0.441239216
1766070092.317899942 223.124718375 16.903624749 -76.116761142 0.207090966 -0.624180607 0.609049121 0.443363361
1766070092.419399977 222.374003166 16.722025769 -75.652771969 0.209300949 -0.626839688 0.605053418 0.444044457
1766070092.515899897 221.629121365 16.550898415 -75.185106164 0.212416458 -0.629144675 0.601204178 0.444533196
1766070092.616800070 220.881042977 16.367845913 -74.716260382 0.213902207 -0.629837601 0.599771520 0.444774736
1766070092.716700077 220.133040015 16.178854820 -74.236826124 0.214150911 -0.629356407 0.599231810 0.446061811
1766070092.816499949 219.381880178 15.999069679 -73.754501179 0.213435153 -0.630072290 0.597005895 0.448372955
1766070092.919899940 218.628563224 15.821221655 -73.268502294 0.213241998 -0.629559339 0.596221407 0.450225413
1766070093.016700029 217.868240539 15.646788401 -72.783643015 0.213027041 -0.629229202 0.595137234 0.452218713
1766070093.117500067 217.102517194 15.458663165 -72.288034579 0.213417359 -0.628402815 0.595295741 0.452974518
1766070093.220700026 216.340670844 15.305800036 -71.791748778 0.213313259 -0.627354107 0.595652238 0.454007367
1766070093.321399927 215.584669444 15.162594699 -71.294287881 0.212900161 -0.626408770 0.594673260 0.456781445
1766070093.421000004 214.823649329 15.015720886 -70.806413684 0.213895349 -0.625963803 0.593794739 0.458067578
1766070093.521699905 214.063740519 14.899665656 -70.302794598 0.214363822 -0.625111123 0.592749011 0.460361646
1766070093.620800018 213.298500047 14.789523418 -69.806111735 0.215311676 -0.625390201 0.590878389 0.461942320
1766070093.720900059 212.535729257 14.674224648 -69.311519361 0.215428642 -0.625754167 0.588563102 0.464344375
1766070093.821199894 211.771441462 14.588796617 -68.813341450 0.216173446 -0.624128306 0.588745831 0.465951977
1766070093.917399883 211.000618888 14.519736358 -68.315050159 0.216980206 -0.621962976 0.589461233 0.467565078
1766070094.020999908 210.231958445 14.445899998 -67.826348788 0.216565017 -0.621114100 0.589229080 0.469175830
1766070094.117899895 209.450348704 14.372634071 -67.333999551 0.215079997 -0.622176297 0.586208632 0.472225255
1766070094.220999956 208.672553482 14.279416002 -66.825441431 0.214917088 -0.622088980 0.584334609 0.474730461
1766070094.320600033 207.870842548 14.153922582 -66.314720877 0.216038301 -0.621612478 0.583139391 0.476312745
1766070094.421000004 207.062526454 14.034977864 -65.809046262 0.218880052 -0.619426962 0.585314101 0.475193818
1766070094.521199942 206.265886172 13.948162009 -65.293011110 0.224605907 -0.620298043 0.587122430 0.469115952
1766070094.621500015 205.470416965 13.823074736 -64.774789275 0.227714833 -0.620148964 0.586994784 0.467972586
1766070094.717999935 204.679829914 13.718297441 -64.255061650 0.228400956 -0.618360477 0.585798685 0.471490429
1766070094.817600012 203.881991201 13.608772064 -63.734768866 0.229215331 -0.616680101 0.585225638 0.474000989
1766070094.917599916 203.078205304 13.498873031 -63.210605967 0.230262248 -0.614921455 0.584518302 0.476643742
1766070095.017600060 202.284174969 13.395268136 -62.680000968 0.231571922 -0.613238168 0.583678375 0.479200322
1766070095.117899895 201.488946675 13.306156671 -62.154736730 0.234313236 -0.611339378 0.582531904 0.481682523
1766070095.218800068 200.689562268 13.213925441 -61.627642560 0.238115511 -0.609745875 0.582047675 0.482422507
1766070095.320800066 199.885630187 13.134314747 -61.095095710 0.241262157 -0.609611348 0.581669858 0.481483907
1766070095.420900106 199.089097800 13.052304617 -60.559714519 0.242891777 -0.610581299 0.583335536 0.477403094
1766070095.521199942 198.277337483 12.973480449 -60.021206801 0.239090231 -0.617667986 0.582181769 0.471578741
1766070095.621200085 197.468358288 12.879698541 -59.491538819 0.232417007 -0.623823312 0.581942653 0.467086243
1766070095.721499920 196.658685874 12.790508593 -58.954246243 0.224122994 -0.630763930 0.581329123 0.462560482
1766070095.821300030 195.839139798 12.701484942 -58.423105624 0.216383775 -0.636459292 0.582312608 0.457175741
1766070095.917799950 195.017915855 12.605642609 -57.885881425 0.209342133 -0.642192735 0.583371794 0.451045133
1766070096.021600008 194.192919545 12.509332742 -57.358548321 0.202205549 -0.646839295 0.584122494 0.446668507
1766070096.121299982 193.355065862 12.412930169 -56.839501777 0.198437720 -0.650946030 0.584090942 0.442413278
1766070096.217999935 192.516072661 12.318520905 -56.330100365 0.197490764 -0.651901633 0.585903537 0.439020165
1766070096.321300030 191.674726848 12.209674832 -55.821490578 0.196571534 -0.650555589 0.589991359 0.435944096
1766070096.417599916 190.842075094 12.109422009 -55.323614821 0.197486769 -0.651355596 0.591879092 0.431756880
1766070096.517499924 190.007224366 11.989732869 -54.834454851 0.201805464 -0.652138143 0.593457164 0.426378930
1766070096.620899916 189.170915602 11.879043435 -54.347828077 0.201079242 -0.653416705 0.591648262 0.427277524
1766070096.717099905 188.336205132 11.762499950 -53.868878972 0.199481653 -0.654063297 0.590270355 0.428939602
1766070096.816299915 187.499854003 11.634987558 -53.395099027 0.200585675 -0.654033102 0.589428807 0.429627478
1766070096.917000055 186.654445240 11.508151032 -52.922651795 0.201489704 -0.653173362 0.590145488 0.429528535
1766070097.019399881 185.807310998 11.382512820 -52.451418271 0.200913689 -0.654423777 0.588824755 0.429707595
1766070097.116499901 184.958537849 11.246791656 -51.984764472 0.199951396 -0.655615846 0.587345542 0.430363237
1766070097.217000008 184.097690531 11.111769810 -51.519285855 0.198973839 -0.656864153 0.585805907 0.431010830
1766070097.320899963 183.244837614 10.966131590 -51.057073444 0.197501387 -0.657988363 0.584482888 0.431768769
1766070097.420399904 182.372394381 10.819320295 -50.608722989 0.197942621 -0.658614550 0.583460872 0.431994217
1766070097.520600080 181.500770956 10.669959483 -50.150188329 0.197422632 -0.658867677 0.583686497 0.431541148
1766070097.621000051 180.627103941 10.524227286 -49.697717426 0.195715770 -0.660887743 0.582785137 0.430446526
1766070097.720999956 179.756894235 10.381290258 -49.241602280 0.190976861 -0.663874604 0.583117373 0.427518979
1766070097.821399927 178.880535679 10.236800468 -48.795781249 0.186832861 -0.667000967 0.583637015 0.423758218
1766070097.920900106 177.998679313 10.103118408 -48.347122305 0.181878138 -0.671203936 0.583563314 0.419356028
1766070098.020400047 177.113281232 9.968747660 -47.900368805 0.176131793 -0.676544767 0.582393652 0.414828163
1766070098.121400118 176.222248923 9.846538072 -47.460675268 0.170377267 -0.680818919 0.582658374 0.409837046
1766070098.220099926 175.331365541 9.737309601 -47.019277743 0.164615646 -0.685623557 0.584093992 0.402064965
1766070098.319499969 174.436079378 9.638533481 -46.593110989 0.157878321 -0.690329259 0.584025001 0.396780478
1766070098.419500113 173.535793055 9.549564023 -46.170256216 0.151493467 -0.693704027 0.584644784 0.392447358
1766070098.520400047 172.633826292 9.459095805 -45.753331673 0.144703582 -0.697660922 0.583937907 0.389032943
1766070098.620599985 171.726598174 9.371029961 -45.349845620 0.139211585 -0.701046828 0.583152084 0.386118022
1766070098.720900059 170.821518085 9.293048695 -44.948728755 0.135641710 -0.702805990 0.584229982 0.382544632
1766070098.820800066 169.899122534 9.218833604 -44.563722955 0.132624175 -0.704019353 0.584942944 0.380275335
1766070098.916599989 168.981397770 9.141885047 -44.183383456 0.130541295 -0.703329416 0.588142902 0.377325627
1766070099.019700050 168.050696460 9.077023374 -43.812921770 0.133522138 -0.698177067 0.596185235 0.373207432
1766070099.119699955 167.129318069 9.011049065 -43.439067554 0.136538050 -0.693489834 0.601551776 0.372242759
1766070099.216500044 166.206772972 8.955453013 -43.077058644 0.136817406 -0.690093591 0.603557718 0.375193170
1766070099.318700075 165.284459475 8.905396166 -42.713435149 0.136842360 -0.687510028 0.604337917 0.378655268
1766070099.415600061 164.355070031 8.841476266 -42.350422228 0.137917636 -0.686564862 0.604546640 0.379645592
1766070099.519399881 163.416464566 8.780280732 -41.991047940 0.140114249 -0.685176778 0.604855575 0.380854977
1766070099.616499901 162.475030250 8.710995192 -41.636871405 0.143438748 -0.683683967 0.606237078 0.380102833
1766070099.716099977 161.533201338 8.640967674 -41.278775713 0.148331593 -0.681280402 0.608749293 0.378522194
1766070099.815999985 160.600360300 8.580507033 -40.923008306 0.150392593 -0.678605003 0.611347435 0.378327413
1766070099.915999889 159.669718290 8.540975334 -40.572939565 0.149234971 -0.678369174 0.610400747 0.380729714
1766070100.018800020 158.731806296 8.488658283 -40.231726411 0.148246070 -0.678404966 0.610395370 0.381060752
1766070100.116199970 157.800027369 8.430673852 -39.882037372 0.146922898 -0.678909731 0.610333430 0.380773349
1766070100.219399929 156.866176179 8.367683782 -39.533112959 0.146110723 -0.679888066 0.610118202 0.379683624
1766070100.318900108 155.930973722 8.301998763 -39.179833997 0.145639799 -0.681451501 0.608582933 0.379525644
1766070100.418400049 154.990482009 8.223183104 -38.828063557 0.148048773 -0.681187489 0.609238138 0.378013303
1766070100.515700102 154.057215053 8.136617723 -38.480905058 0.149002214 -0.680656292 0.609923010 0.377490760
1766070100.615600109 153.129578277 8.056372202 -38.125788292 0.148328607 -0.681936165 0.607609873 0.379172697
1766070100.719099998 152.207374073 7.969501930 -37.772350342 0.149146623 -0.680934076 0.607940570 0.380121471
1766070100.820400000 151.277555106 7.877624033 -37.419901745 0.149766969 -0.680042668 0.609259257 0.379361281
1766070100.920000076 150.338016753 7.776953237 -37.083651830 0.147180514 -0.682181432 0.608977180 0.376979024
1766070101.018399954 149.416974110 7.681624687 -36.735590937 0.141359267 -0.687469500 0.608071720 0.371014862
1766070101.116600037 148.491711496 7.574933331 -36.390968598 0.134013862 -0.693300764 0.607259470 0.364156933
1766070101.216099977 147.567672995 7.463769723 -36.043376221 0.126241219 -0.700328680 0.606132675 0.355254944
1766070101.319400072 146.636547495 7.350248258 -35.698220528 0.117921828 -0.706712059 0.604599785 0.348010931
1766070101.415400028 145.708359042 7.229223813 -35.364887857 0.110493974 -0.710635746 0.604795514 0.342067689
1766070101.519099951 144.781413059 7.101246938 -35.025395534 0.105164856 -0.711494859 0.608031287 0.336174617
1766070101.618999958 143.847552560 6.972196353 -34.696739222 0.101483453 -0.711054587 0.612662969 0.329767448
1766070101.715600014 142.917065403 6.831103503 -34.371252113 0.097396823 -0.712449040 0.615609098 0.322421560
1766070101.819299936 141.980936560 6.683526898 -34.047514945 0.090953042 -0.714933662 0.616206630 0.317626813
1766070101.918699980 141.047960663 6.539832234 -33.731540288 0.081850766 -0.718711433 0.613680733 0.316465299
1766070102.018800020 140.115520740 6.389104297 -33.418571658 0.072552004 -0.722319748 0.611094370 0.315521885
1766070102.118200064 139.180458947 6.246570693 -33.113730818 0.067364131 -0.724881506 0.610055213 0.312796281
1766070102.218800068 138.248950110 6.105282456 -32.813441725 0.064123813 -0.726977830 0.609656344 0.309371159
1766070102.318099976 137.321815094 5.978537484 -32.524773128 0.062533856 -0.729216536 0.608856496 0.305984522
1766070102.415800095 136.392490179 5.858196743 -32.247736113 0.062784445 -0.730805030 0.608174525 0.303489487
1766070102.516599894 135.458600382 5.746252791 -31.971315722 0.064035543 -0.731025354 0.607991487 0.303063910
1766070102.619199991 134.522427017 5.639801502 -31.696616503 0.064485013 -0.730380029 0.608716070 0.303070030
1766070102.716099977 133.585720696 5.545770852 -31.429542317 0.064970903 -0.729524789 0.609474385 0.303501792
1766070102.819700003 132.648006842 5.459941070 -31.172230427 0.066396821 -0.728725170 0.610512937 0.303026472
1766070102.916500092 131.709718736 5.382280104 -30.919456449 0.067416498 -0.727904637 0.611747369 0.302282999
1766070103.018399954 130.772426125 5.315169577 -30.669214766 0.068783669 -0.728072939 0.611745194 0.301573243
1766070103.119999886 129.832662248 5.259091001 -30.422670097 0.071122166 -0.730272437 0.610585564 0.298042070
1766070103.219500065 128.904269477 5.207974335 -30.173417172 0.073452940 -0.730813546 0.611606629 0.294029861
1766070103.319099903 127.980640923 5.162926785 -29.929554465 0.071122286 -0.730806865 0.612404757 0.292956243
1766070103.418900013 127.050646362 5.124515195 -29.690343031 0.068464581 -0.732206611 0.611271702 0.292460230
1766070103.519500017 126.118823412 5.083315180 -29.455360920 0.066282867 -0.733579898 0.610745488 0.290614975
1766070103.616800070 125.191283945 5.049366514 -29.210754926 0.062641874 -0.735177677 0.610534018 0.287815899
1766070103.715399981 124.260582770 5.022439195 -28.969248608 0.060549353 -0.737166085 0.609705130 0.284920327
1766070103.818599939 123.327193819 4.998289318 -28.737296230 0.058744451 -0.738823665 0.608240852 0.284133328
1766070103.918900013 122.392656339 4.991989086 -28.509729955 0.057017486 -0.740342729 0.605926262 0.285473318
1766070104.018399954 121.457844949 4.977357723 -28.292702651 0.056137622 -0.740758956 0.604721659 0.287117486
1766070104.119600058 120.517448851 4.959144757 -28.073658201 0.057175539 -0.739154989 0.606468438 0.287361955
1766070104.215699911 119.572926247 4.930817493 -27.863946730 0.058809957 -0.737740654 0.608514588 0.286339157
1766070104.315999985 118.632443854 4.902399887 -27.654394395 0.060294850 -0.735909764 0.610625604 0.286247659
1766070104.415400028 117.686603353 4.886736946 -27.448587648 0.064076413 -0.734371639 0.611896981 0.286661113
1766070104.519099951 116.749000141 4.856336717 -27.243722063 0.067324228 -0.732623165 0.613331942 0.287323293
1766070104.619400024 115.813400177 4.822302018 -27.042350588 0.068985091 -0.731170746 0.614773481 0.287548195
1766070104.716099977 114.875489481 4.782919496 -26.847346176 0.070342599 -0.730050155 0.615822791 0.287821091
1766070104.815099955 113.941147675 4.742111409 -26.654459949 0.070076096 -0.729949595 0.615956590 0.287854840
1766070104.918900013 112.999740114 4.699232470 -26.461385520 0.069499158 -0.730706607 0.615635928 0.286757956
1766070105.018699884 112.072145725 4.655652252 -26.266680959 0.068205748 -0.732659169 0.613668172 0.286303847
1766070105.118499994 111.153046990 4.612649137 -26.072127704 0.067781493 -0.733830521 0.612997809 0.284837009
1766070105.218300104 110.236000035 4.567000262 -25.870724939 0.066682979 -0.734576539 0.613127046 0.282888518
1766070105.318799973 109.314520992 4.521609235 -25.677731293 0.065466532 -0.735358413 0.612890847 0.281650398
1766070105.415199995 108.400212438 4.467643520 -25.486005049 0.063438516 -0.735903153 0.613446272 0.279474105
1766070105.517600060 107.482766597 4.412448943 -25.297160084 0.060912848 -0.736543869 0.613411582 0.278422316
1766070105.615099907 106.564588476 4.359521639 -25.104916596 0.058119548 -0.738212264 0.612390737 0.276843558
1766070105.714799881 105.643427050 4.312548252 -24.915383700 0.056918311 -0.738509152 0.612567422 0.275908846
1766070105.818399906 104.723912920 4.263331886 -24.730124361 0.056627680 -0.738373527 0.612512530 0.276452962
1766070105.918800116 103.814083116 4.206134711 -24.540082471 0.056510395 -0.738503417 0.612860954 0.275355641
1766070106.018899918 102.901212758 4.157533916 -24.354361667 0.056514025 -0.738535564 0.612712767 0.275598350
1766070106.118799925 101.988255763 4.113950993 -24.164828516 0.056175103 -0.739267710 0.611418386 0.276577600
1766070106.215500116 101.079262390 4.068157692 -23.980802922 0.055479203 -0.740863566 0.609380754 0.276944636
1766070106.318500042 100.165951263 4.018345170 -23.796699233 0.055609854 -0.741754673 0.608754024 0.275909563
1766070106.415100098 99.257038447 3.970964113 -23.614927468 0.056215910 -0.741317451 0.608630219 0.277231787
1766070106.518399954 98.352536370 3.921214111 -23.439301061 0.057240645 -0.740319611 0.609802935 0.277111463
1766070106.617899895 97.449107870 3.867045230 -23.266716621 0.056678411 -0.739920096 0.610622975 0.276487597
1766070106.717700005 96.547868831 3.813024852 -23.094398699 0.055318166 -0.740682330 0.609802444 0.276533117
1766070106.818099976 95.641706055 3.757608734 -22.925712840 0.054811803 -0.742311960 0.607493817 0.277344340
1766070106.914700031 94.739770227 3.694250434 -22.754566942 0.054932257 -0.743824435 0.606156739 0.276191356
1766070107.017800093 93.831359776 3.629955125 -22.590988400 0.055639203 -0.744671246 0.605195191 0.275876414
1766070107.114500046 92.923798163 3.564400981 -22.433471765 0.055754377 -0.743679963 0.606455377 0.275759746
1766070107.214400053 92.016340010 3.497507434 -22.272741162 0.055017387 -0.742961708 0.608227305 0.273935272
1766070107.316499949 91.106263727 3.430211306 -22.113000221 0.053043875 -0.743573993 0.608331932 0.272426734
1766070107.414900064 90.193988137 3.362951854 -21.953068159 0.051361820 -0.745226692 0.607671455 0.269693425
1766070107.514800072 89.278423881 3.291742887 -21.797368238 0.049822103 -0.745730340 0.607955265 0.267944796
1766070107.617700100 88.366770116 3.222776338 -21.645968948 0.048096160 -0.746496028 0.607932061 0.266174845
1766070107.717799902 87.452886114 3.160521550 -21.500940074 0.047915020 -0.746406108 0.607952407 0.266413108
1766070107.818200111 86.542576972 3.091588717 -21.348356618 0.047986154 -0.745631938 0.608058377 0.268319495
1766070107.915499926 85.629656897 3.025131762 -21.198112437 0.048616297 -0.744653393 0.609587286 0.267453024
1766070108.015100002 84.711253099 2.962533913 -21.050609937 0.048979694 -0.743857989 0.610933744 0.266526252
1766070108.115900040 83.795367627 2.913894367 -20.904630145 0.048765691 -0.744795571 0.609995218 0.266096408
1766070108.215800047 82.879831173 2.876795134 -20.758595827 0.048321285 -0.745935195 0.608266268 0.266941726
1766070108.319299936 81.964726959 2.855883132 -20.605010120 0.048933137 -0.745114197 0.609650334 0.265964005
1766070108.417500019 81.056151538 2.837150523 -20.451469392 0.049261684 -0.744272270 0.610931064 0.265321143
1766070108.519099951 80.145049601 2.834375657 -20.295529624 0.049397312 -0.743747188 0.611679811 0.265043080
1766070108.620199919 79.234458809 2.838476116 -20.140485484 0.050073036 -0.743186602 0.612302639 0.265050644
1766070108.715500116 78.324508923 2.856543363 -19.981358917 0.051002002 -0.741841941 0.614279549 0.264064322
1766070108.818700075 77.412928336 2.873356666 -19.825870543 0.049115148 -0.742367746 0.614118647 0.263317525
1766070108.918699980 76.504120140 2.895527991 -19.667916238 0.047576225 -0.743350956 0.613029696 0.263363723
1766070109.014800072 75.594491475 2.908760888 -19.505470387 0.047137105 -0.743423258 0.612687661 0.264033678
1766070109.118299961 74.672505048 2.916911080 -19.349128388 0.047725914 -0.743327951 0.612662524 0.264254471
1766070109.218600035 73.760602853 2.917921043 -19.189649539 0.046159162 -0.743244933 0.612819993 0.264401130
1766070109.318599939 72.838144863 2.914867064 -19.032294093 0.045900925 -0.743069922 0.612838509 0.264894618
1766070109.418400049 71.917874531 2.898467959 -18.877628290 0.046537217 -0.743340017 0.612633478 0.264499770
1766070109.515199900 70.999148312 2.876523366 -18.728690068 0.048363262 -0.744704674 0.611072091 0.263944773
1766070109.618400097 70.081340207 2.852015754 -18.579759876 0.051352184 -0.745293457 0.611555591 0.260577003
1766070109.718600035 69.166434483 2.810795305 -18.436741948 0.059709859 -0.743486542 0.617063426 0.250789199
1766070109.818700075 68.258182608 2.761263926 -18.293928924 0.065326001 -0.741744742 0.621197659 0.244255438
1766070109.915800095 67.351515631 2.710877908 -18.156013253 0.064699445 -0.741214587 0.621803073 0.244491014
1766070110.017999887 66.452472917 2.653394369 -18.023008803 0.063161680 -0.742263667 0.620401231 0.245270389
1766070110.118400097 65.558775151 2.581949591 -17.887342219 0.063086754 -0.742953824 0.619418789 0.245682805
1766070110.214900017 64.666771358 2.514737247 -17.750548469 0.063794804 -0.743799625 0.617729325 0.247189849
1766070110.315000057 63.782617670 2.444674393 -17.611812315 0.064427054 -0.744776784 0.616058612 0.248250846
1766070110.418100119 62.890165362 2.389025337 -17.475933982 0.066006904 -0.744722622 0.615574412 0.249197607
1766070110.515399933 62.011538522 2.348902787 -17.341638978 0.067382795 -0.744245605 0.615542236 0.250331370
1766070110.618200064 61.141184547 2.310023422 -17.211742258 0.069121068 -0.743621261 0.616102967 0.250333442
1766070110.714400053 60.280183884 2.274808219 -17.096313262 0.069263314 -0.743832985 0.615491393 0.251168130
1766070110.818500042 59.420560325 2.243568127 -16.974583225 0.069208487 -0.743903664 0.615562378 0.250799686
1766070110.918100119 58.563087593 2.216422479 -16.853320343 0.069470262 -0.743904895 0.615352120 0.251239246
1766070111.017999887 57.710097678 2.195439512 -16.733427114 0.068929665 -0.744718432 0.613938865 0.252432622
1766070111.117100000 56.865973392 2.169016436 -16.618808293 0.069482662 -0.745442511 0.612792471 0.252928863
1766070111.217099905 56.020413007 2.143847099 -16.504639974 0.069506851 -0.746062786 0.611815290 0.253458416
1766070111.317899942 55.183045849 2.129907761 -16.387155176 0.068623927 -0.746241893 0.610988468 0.255160509
1766070111.418299913 54.353299748 2.097860209 -16.266800898 0.068002304 -0.746250211 0.610460511 0.256562417
1766070111.518100023 53.526703317 2.057212898 -16.149784699 0.067619462 -0.747490558 0.608513351 0.257676108
1766070111.615000010 52.702679198 2.002105119 -16.033151728 0.067180654 -0.748487062 0.606965646 0.258547061
1766070111.715399981 51.878086650 1.937134477 -15.914918999 0.067796193 -0.749125073 0.605820354 0.259223841
1766070111.818200111 51.049716532 1.870712739 -15.797673052 0.068565085 -0.748581218 0.605985845 0.260204044
1766070111.918400049 50.233508470 1.800341623 -15.685354930 0.069412598 -0.748441586 0.605638321 0.261188263
1766070112.014400005 49.418625859 1.731680220 -15.581305161 0.070094511 -0.748338187 0.605151265 0.262428398
1766070112.116800070 48.602951473 1.664001372 -15.482156529 0.071724626 -0.747880903 0.605395734 0.262727496
1766070112.217799902 47.796038611 1.599391168 -15.387837840 0.071588128 -0.748509663 0.604046764 0.264075617
1766070112.314699888 46.987881970 1.539554305 -15.296182501 0.072867820 -0.748626966 0.603574603 0.264472389
1766070112.417999983 46.173320345 1.500047650 -15.210263969 0.082145760 -0.749436990 0.604255232 0.257821425
1766070112.517600060 45.368185487 1.456046878 -15.124483672 0.089298054 -0.749629971 0.604959683 0.253188756
1766070112.613899946 44.576643068 1.422240769 -15.038086405 0.091221351 -0.748587988 0.605994142 0.253112205
1766070112.714999914 43.787125779 1.393082475 -14.956934564 0.091149833 -0.747935770 0.605911542 0.255254764
1766070112.817399979 43.002293731 1.382751401 -14.871215169 0.089514895 -0.749042272 0.603398510 0.258520786
1766070112.917799950 42.217980414 1.373532370 -14.790156128 0.088667484 -0.749158755 0.602722753 0.260047149
1766070113.017800093 41.433718941 1.373864069 -14.714155634 0.087501065 -0.749331030 0.601800206 0.262074575
1766070113.165499926 40.264568546 1.392385684 -14.593649472 0.089788972 -0.749125990 0.602739762 0.259717097
1766070113.265399933 39.498741461 1.409272008 -14.517849017 0.091451802 -0.749060145 0.602911647 0.258926656
1766070113.365499973 38.731729826 1.439616534 -14.437916403 0.092607472 -0.748224542 0.603704968 0.259083391
1766070113.464699984 37.970362931 1.473792127 -14.363653942 0.093681205 -0.747723944 0.604299583 0.258756157
1766070113.571300030 37.216728306 1.511778409 -14.289438817 0.096587498 -0.747722973 0.604894377 0.256288906
1766070113.668800116 36.464032088 1.542397294 -14.221342364 0.100337941 -0.747528732 0.603791991 0.258008378
1766070113.769000053 35.717531892 1.568411604 -14.149329143 0.107187627 -0.744482642 0.604780891 0.261718326
1766070113.867899895 34.974556557 1.586564933 -14.082077645 0.116030374 -0.741320380 0.604626922 0.267221503
1766070113.968100071 34.242314080 1.596440650 -14.013875889 0.121252922 -0.738052348 0.605662741 0.271567865
1766070114.064500093 33.516977639 1.597272171 -13.949729735 0.122369314 -0.736333136 0.606169642 0.274586287
1766070114.165899992 32.801346991 1.587956989 -13.880744500 0.119558239 -0.737448157 0.605598359 0.274092449
1766070114.264400005 32.085718309 1.572354020 -13.814347276 0.120201586 -0.737948383 0.606384143 0.270706545
1766070114.365900040 31.381512533 1.545963986 -13.746217277 0.121941168 -0.739720011 0.605699976 0.266593690
1766070114.467799902 30.685999435 1.513165568 -13.679122714 0.124096499 -0.741372021 0.605324501 0.261820232
1766070114.568200111 30.000160854 1.468698066 -13.613969588 0.125260935 -0.742208964 0.605272731 0.258998982
1766070114.667599916 29.314885736 1.420316720 -13.550565993 0.130965850 -0.743374563 0.606322333 0.250230761
1766070114.764400005 28.640129429 1.368953512 -13.489452081 0.135822026 -0.739981148 0.611689228 0.244574255
1766070114.866400003 27.979634025 1.313497969 -13.427002378 0.135716985 -0.738556451 0.613669173 0.243978308
1766070114.967400074 27.329288308 1.257781086 -13.366865952 0.135234669 -0.739644591 0.611757109 0.245745200
1766070115.070899963 26.682113416 1.209379776 -13.301101982 0.136776736 -0.737324483 0.611487914 0.252442592
1766070115.170700073 26.044272394 1.166106527 -13.233217029 0.141378885 -0.734873332 0.609422357 0.261873229
1766070115.267400026 25.411940326 1.132738509 -13.162663846 0.149959079 -0.731145124 0.608452639 0.269674744
1766070115.366899967 24.783991609 1.109041023 -13.089372648 0.160609852 -0.725634654 0.608964539 0.277166041
1766070115.469500065 24.164126527 1.093061335 -13.012026198 0.171836331 -0.721488121 0.607728780 0.283888880
1766070115.575299978 23.556820529 1.083374011 -12.930036605 0.179002448 -0.717152079 0.608463047 0.288831682
1766070115.669899940 22.957399306 1.086185687 -12.840414456 0.180877727 -0.716060213 0.606270199 0.294919422
1766070115.767999887 22.371007794 1.100229026 -12.748193210 0.185722220 -0.713445496 0.605860227 0.299058801
1766070115.868200064 21.789990398 1.129156165 -12.645294611 0.191687830 -0.709915645 0.607321490 0.300726056
1766070115.967299938 21.213603834 1.169910049 -12.534378938 0.197174906 -0.708302001 0.606048501 0.303538378
1766070116.067199945 20.643563580 1.222789281 -12.414162568 0.206594581 -0.705851735 0.603638487 0.307754097
1766070116.166699886 20.089934583 1.287347912 -12.288005164 0.221649819 -0.697668281 0.605610610 0.312035441
1766070116.268399954 19.539747594 1.353694050 -12.157957962 0.239561769 -0.686783117 0.611067029 0.312307853
1766070116.366100073 19.002372572 1.412750354 -12.019605669 0.255127806 -0.683532121 0.608311360 0.312491490
1766070116.466099977 18.481035889 1.466006303 -11.877015589 0.274837416 -0.682349073 0.601929965 0.310716037
1766070116.566999912 17.976790949 1.515567664 -11.730938072 0.294041929 -0.678119447 0.595844854 0.314105506
1766070116.668299913 17.491844774 1.558025014 -11.587315132 0.302853228 -0.668562798 0.592832080 0.331442051
1766070116.767100096 17.025147575 1.591563854 -11.442210166 0.305743954 -0.662051875 0.584549103 0.355682859
1766070116.867000103 16.568557592 1.624755604 -11.292062999 0.313748772 -0.654664636 0.576117650 0.375585377
1766070116.967400074 16.125440732 1.653315494 -11.137219492 0.333597266 -0.644217938 0.566214726 0.391276113
1766070117.068200111 15.692959186 1.668556219 -10.980401262 0.351494278 -0.637749212 0.551405093 0.407038251
1766070117.171200037 15.266815837 1.662117514 -10.818742041 0.362302446 -0.632401195 0.541370283 0.419194326
1766070117.267899990 14.846704071 1.636349790 -10.654818208 0.373537729 -0.619530477 0.542516121 0.426998609
1766070117.380199909 14.428674176 1.596203654 -10.483696212 0.388319426 -0.600423781 0.552193701 0.428697356
1766070117.469399929 14.021214984 1.546645438 -10.301545965 0.403248930 -0.582902633 0.561246211 0.427337703
1766070117.565599918 13.628728525 1.485076201 -10.108926169 0.414063007 -0.575453264 0.559451450 0.429440849
1766070117.664900064 13.253086921 1.416918972 -9.907896056 0.421161006 -0.571220634 0.556152184 0.432464036
1766070117.771699905 12.889637847 1.347221328 -9.696621002 0.426206353 -0.567460215 0.553843232 0.435424762
1766070117.869199991 12.541891645 1.278012502 -9.478109679 0.429657226 -0.564758668 0.551221016 0.438859552
1766070117.970700026 12.208338443 1.209650643 -9.252118032 0.431997416 -0.564000972 0.546885969 0.442941162
1766070118.067199945 11.885175890 1.145267897 -9.017691489 0.436421995 -0.561738468 0.545088824 0.443693487
1766070118.171400070 11.571120849 1.084030696 -8.775325324 0.440826935 -0.558495043 0.544627920 0.443999245
1766070118.269000053 11.269172257 1.025473189 -8.526161799 0.444476342 -0.555757597 0.544625857 0.443798321
1766070118.365099907 10.979270133 0.964801018 -8.273830037 0.445395233 -0.554625040 0.544183991 0.444834728
1766070118.465800047 10.701130282 0.903809822 -8.015067958 0.445734523 -0.556365323 0.541049690 0.446143020
1766070118.568799973 10.432446094 0.839760424 -7.750826274 0.444896361 -0.562892252 0.534023775 0.447256244
1766070118.664200068 10.172729156 0.771205883 -7.484617173 0.445781893 -0.565997284 0.529316845 0.448050506
1766070118.768100023 9.919648697 0.699554558 -7.217208229 0.448170410 -0.563936960 0.528014598 0.449798814
1766070118.868099928 9.671139971 0.623061220 -6.947772069 0.453890796 -0.556987171 0.530516746 0.449778189
1766070118.967000008 9.429664790 0.544464819 -6.674324202 0.464431390 -0.543895215 0.536162829 0.448342392
1766070119.064599991 9.197018201 0.460570952 -6.396471272 0.477836618 -0.537960019 0.528808502 0.450147479
1766070119.167500019 8.976467669 0.368986960 -6.117704764 0.492466135 -0.542996996 0.508052755 0.452231982
1766070119.268199921 8.768784312 0.273246581 -5.841417919 0.500392356 -0.547337124 0.489873887 0.458315544
1766070119.364500046 8.567314244 0.176402140 -5.571388720 0.505659112 -0.552010786 0.477388126 0.460101654
1766070119.468499899 8.368833583 0.083884297 -5.303635843 0.515934630 -0.556941524 0.472012562 0.448142541
1766070119.566099882 8.175187879 -0.004619607 -5.044496233 0.521217262 -0.556245083 0.475726128 0.438871992
1766070119.668600082 7.988928103 -0.088378359 -4.798212841 0.520552593 -0.555355330 0.478266656 0.438025639
1766070119.767800093 7.810104330 -0.168487901 -4.555496481 0.523514780 -0.559449231 0.473975047 0.433931433
1766070119.872900009 7.635699791 -0.241174831 -4.324192226 0.529925763 -0.556994070 0.476658349 0.426301666
1766070119.966900110 7.466907794 -0.306788455 -4.105054703 0.530212666 -0.552827582 0.481063439 0.426420168
1766070120.065399885 7.307862974 -0.369668480 -3.895211819 0.524798398 -0.553372579 0.479547954 0.434049755
1766070120.168400049 7.151606597 -0.421961585 -3.688781381 0.519274733 -0.553194921 0.477640392 0.442932034
1766070120.263499975 7.001881692 -0.474489655 -3.491836580 0.511395389 -0.553294005 0.474991158 0.454669000
1766070120.367700100 6.850859055 -0.517637240 -3.296423421 0.506952492 -0.554586348 0.470124019 0.463051358
1766070120.462800026 6.697194363 -0.557180104 -3.102901502 0.506692201 -0.553468944 0.467007992 0.467801963
1766070120.566499949 6.543349303 -0.593466799 -2.912337112 0.509245057 -0.548816066 0.467088116 0.470424372
1766070120.666399956 6.386859525 -0.625477961 -2.721996125 0.517160465 -0.538159955 0.474006183 0.467169193
1766070120.773600101 6.229659965 -0.655309577 -2.535496382 0.523605503 -0.529192355 0.480999785 0.463067959
1766070120.862999916 6.077728289 -0.685209429 -2.350634063 0.527822036 -0.523175036 0.484839583 0.461109921
1766070120.969500065 5.931613414 -0.714110530 -2.164286495 0.533435053 -0.519947924 0.484141761 0.459029363
1766070121.066699982 5.796899693 -0.739782712 -1.977978653 0.544803285 -0.517005037 0.481804137 0.451397769
1766070121.166199923 5.668236683 -0.765984670 -1.794599552 0.555960630 -0.517124674 0.476808913 0.442880469
1766070121.266000032 5.549590672 -0.793316080 -1.615631410 0.568860576 -0.522770573 0.465738775 0.431504306
1766070121.365400076 5.440882226 -0.817879897 -1.444344818 0.579242641 -0.529365726 0.453975862 0.422085072
1766070121.469899893 5.339095500 -0.835973768 -1.287008324 0.580974636 -0.528638675 0.452583870 0.422110725
1766070121.564800024 5.245425591 -0.847622653 -1.138931410 0.576697437 -0.521840904 0.458117159 0.430384486
1766070121.665299892 5.159114169 -0.854727662 -0.994983050 0.571398448 -0.520139685 0.457531509 0.440026635
1766070121.762000084 5.078448232 -0.858131823 -0.858537909 0.566529865 -0.521164276 0.452652659 0.450041420
1766070121.867599964 5.002267658 -0.863760482 -0.725868578 0.568136213 -0.521845461 0.447123261 0.452746449
1766070121.963999987 4.928223496 -0.871799960 -0.597953448 0.575691010 -0.518594795 0.447425192 0.446598251
1766070122.074199915 4.859671567 -0.883886647 -0.474604457 0.577814185 -0.513894349 0.450037900 0.446664588
1766070122.169500113 4.800186555 -0.899950914 -0.357789064 0.575043228 -0.512936964 0.446255493 0.455057131
1766070122.261499882 4.743360139 -0.914889226 -0.243022196 0.575062323 -0.511864309 0.436467405 0.465611917
1766070122.361900091 4.691106087 -0.925809470 -0.132817703 0.576198402 -0.509756851 0.428887410 0.473496509
1766070122.466000080 4.641596379 -0.932509521 -0.023121270 0.577831799 -0.507352548 0.424418514 0.478092805
1766070122.567800045 4.588246540 -0.939541178 0.082578157 0.581491358 -0.500940889 0.424718756 0.480145816
1766070122.662199974 4.540580072 -0.945943672 0.185262324 0.590782530 -0.491237892 0.426014656 0.477674417
1766070122.766900063 4.498500274 -0.951582470 0.286272705 0.599719328 -0.484324922 0.423479616 0.475847783
1766070122.861999989 4.462079319 -0.956586562 0.383057899 0.603955562 -0.482997710 0.418094171 0.476600623
1766070122.961100101 4.431541081 -0.958074426 0.477778443 0.607006101 -0.482377199 0.412764300 0.477997346
1766070123.061599970 4.407244156 -0.956306304 0.566040965 0.609279912 -0.482354467 0.408812973 0.478522841
1766070123.166199923 4.386484146 -0.951693397 0.650705584 0.610967074 -0.481309604 0.409132102 0.477149058
1766070123.264899969 4.367931457 -0.945110964 0.729435835 0.611282283 -0.480865540 0.411833474 0.474863658
1766070123.361900091 4.355166387 -0.937620231 0.803592921 0.608467309 -0.483237912 0.414416043 0.473822750
1766070123.471299887 4.345528202 -0.929420022 0.872708547 0.604529888 -0.488427656 0.413961009 0.473939154
1766070123.571899891 4.339661388 -0.922184380 0.934934929 0.596672479 -0.495374948 0.411180819 0.479078227
1766070123.661600113 4.331719783 -0.912674321 0.994171918 0.589156571 -0.500791052 0.408800799 0.484752271
1766070123.761699915 4.320719521 -0.903159332 1.049157247 0.586689637 -0.503788988 0.407851411 0.485437073
1766070123.862099886 4.304777907 -0.891937915 1.103297665 0.586815765 -0.504940969 0.409753322 0.482477036
1766070123.965300083 4.286641419 -0.879914257 1.154447065 0.586411888 -0.505404164 0.414421849 0.478479110
1766070124.066600084 4.266559479 -0.869438820 1.201473640 0.584713774 -0.507171338 0.418777277 0.474881700
1766070124.166800022 4.245005293 -0.858763730 1.247021995 0.582454320 -0.509306353 0.423388581 0.471270744
1766070124.266799927 4.222274005 -0.847920677 1.290137639 0.578851362 -0.513422528 0.427802883 0.467239876
1766070124.365799904 4.199328411 -0.836431129 1.331611160 0.573824119 -0.518038755 0.434057972 0.462553139
1766070124.464499950 4.177327611 -0.824294895 1.372740210 0.569125798 -0.523675186 0.438743583 0.457563322
1766070124.563899994 4.155348222 -0.812519498 1.409981813 0.564993316 -0.529626497 0.442689743 0.452000131
1766070124.665899992 4.132699154 -0.799773646 1.446485194 0.560409500 -0.535028670 0.446691634 0.447383615
1766070124.765899897 4.110768631 -0.786895941 1.481381836 0.556026575 -0.539647979 0.451981939 0.441957955
1766070124.865900040 4.089188644 -0.775218111 1.516177001 0.549792175 -0.546493486 0.456830012 0.436325308
1766070124.976599932 4.068239913 -0.765276329 1.549095140 0.540844351 -0.556076251 0.462034413 0.429872994
1766070125.066800117 4.046601260 -0.755905589 1.582502222 0.530888967 -0.568389285 0.467750478 0.419880955
1766070125.163399935 4.024537078 -0.747081094 1.614301461 0.522289090 -0.577924694 0.474592949 0.409852030
1766070125.273999929 4.002204649 -0.738580956 1.644189460 0.514651498 -0.584398646 0.482606737 0.400877531
1766070125.361999989 3.980840514 -0.731562575 1.674322432 0.508110848 -0.590503776 0.489372746 0.391973178
1766070125.466900110 3.961266626 -0.725954017 1.702352106 0.503857774 -0.595587881 0.495386031 0.382093051
1766070125.573999882 3.943497904 -0.721299333 1.729252673 0.498271834 -0.600314558 0.500100586 0.375828437
1766070125.666100025 3.927726780 -0.718074025 1.755550472 0.491077182 -0.605768520 0.504297470 0.370906678
1766070125.775599957 3.915119998 -0.716207549 1.781704799 0.484039128 -0.611564478 0.507531013 0.366206612
1766070125.867799997 3.904187531 -0.714582321 1.807608815 0.476443151 -0.617704445 0.509234198 0.363488204
1766070125.970099926 3.894115610 -0.711553023 1.834974070 0.468200893 -0.626520132 0.507305460 0.361803286
1766070126.065000057 3.883080179 -0.705242810 1.862390474 0.462517745 -0.632251682 0.509244449 0.356377942
1766070126.164999962 3.871112847 -0.696397448 1.890250575 0.457908101 -0.635280495 0.514138613 0.349857615
1766070126.262599945 3.858527441 -0.686425555 1.918489808 0.452503532 -0.638497525 0.518481289 0.344584702
1766070126.367100000 3.846209299 -0.675294082 1.947487447 0.448107107 -0.640811713 0.523641373 0.338171675
1766070126.466000080 3.834618533 -0.662953157 1.977444119 0.444499272 -0.642493087 0.528431034 0.332240382
1766070126.566999912 3.825368805 -0.650140557 2.007311235 0.439901160 -0.645837877 0.530464532 0.328614952
1766070126.665600061 3.817754109 -0.636668916 2.037919906 0.435940770 -0.651031188 0.529425073 0.325304671
1766070126.768100023 3.811545590 -0.623639061 2.068500054 0.432298308 -0.657999965 0.525482908 0.322524312
1766070126.864099979 3.805491664 -0.611151188 2.096324400 0.430080779 -0.663007668 0.521917174 0.321019966
1766070126.963000059 3.799001313 -0.599473416 2.121117124 0.427467516 -0.666103809 0.521149212 0.319344231
1766070127.062299967 3.792255283 -0.589172466 2.142648346 0.424437423 -0.666494378 0.524087177 0.317758947
1766070127.165199995 3.786507454 -0.581045505 2.160473412 0.421576545 -0.666723218 0.527603116 0.315259130
1766070127.265300035 3.782128882 -0.574969336 2.175625847 0.420230136 -0.666459173 0.530940675 0.311994878
1766070127.365000010 3.779548523 -0.569990730 2.188706948 0.419723585 -0.666350428 0.532464197 0.310308069
1766070127.462199926 3.779387506 -0.565554208 2.199461295 0.421747461 -0.665231239 0.532362860 0.310139101
1766070127.562999964 3.781845640 -0.561184929 2.207785452 0.424544903 -0.662965282 0.531286320 0.313007200
1766070127.664900064 3.785769646 -0.556154307 2.214228472 0.428403984 -0.659826833 0.529838185 0.316812364
1766070127.773900032 3.791836203 -0.548758238 2.219229892 0.430871669 -0.656743581 0.528427247 0.322183361
1766070127.861799955 3.798828506 -0.536658613 2.223152095 0.432756429 -0.654209192 0.526170007 0.328446845
1766070127.965500116 3.806567111 -0.519986683 2.226857231 0.436958511 -0.651071802 0.523716451 0.333007277
1766070128.067300081 3.814889423 -0.500444627 2.229332350 0.442283626 -0.648748242 0.518523662 0.338591383
1766070128.162400007 3.823174719 -0.479287152 2.230395729 0.449277304 -0.644670234 0.513300330 0.345069508
1766070128.265500069 3.830837593 -0.456967248 2.229471580 0.455599103 -0.637990556 0.510965671 0.352578489
1766070128.361700058 3.838193807 -0.437239773 2.225267258 0.463789765 -0.630390960 0.507011250 0.361172928
1766070128.466300011 3.843316423 -0.441659268 2.214734689 0.471776525 -0.623550451 0.500930846 0.371052600
1766070128.567500114 3.847100312 -0.452786886 2.200056061 0.481936677 -0.614946652 0.495519525 0.379523459
1766070128.665999889 3.850110513 -0.465830016 2.182934490 0.490936372 -0.606741025 0.491401238 0.386486262
1766070128.765199900 3.852200498 -0.474281514 2.165794793 0.498686736 -0.599787758 0.488570032 0.390980190
1766070128.862400055 3.853245591 -0.454114737 2.154308871 0.511214088 -0.593502607 0.486641354 0.386775135
1766070128.971400023 3.850381544 -0.429852339 2.147406709 0.492146384 -0.603744180 0.473460742 0.411241811
1766070129.070199966 3.832972869 -0.419817936 2.145969151 0.501378196 -0.607702905 0.478500119 0.387756006
1766070129.665299892 3.826193920 -0.421611884 2.159585473 0.474418034 -0.621860254 0.498102313 0.374314626
